"Summons Number","Plate ID","Registration State","Plate Type","Issue Date","Violation Code","Vehicle Body Type","Vehicle Make","Issuing Agency","Street Code1","Street Code2","Street Code3","Vehicle Expiration Date","Violation Location","Violation Precinct","Issuer Precinct","Issuer Code","Issuer Command","Issuer Squad","Violation Time","Time First Observed","Violation County","Violation In Front Of Or Opposite","House Number","Street Name","Intersecting Street","Date First Observed","Law Section","Sub Division","Violation Legal Code","Days Parking In Effect    ","From Hours In Effect","To Hours In Effect","Vehicle Color","Unregistered Vehicle?","Vehicle Year","Meter Number","Feet From Curb","Violation Post Code","Violation Description","No Standing or Stopping Violation","Hydrant Violation","Double Parking Violation","Fiscal Year"
"1488823200","KVW2745","NY","PAS","05/17/2026","17","SUBN","KIA","F","5430","5730","5830","20280206","78","78","78","925428","3910","0000","0419P",,,"F","395","4TH AVE",,"0","408","C4",,"bbbbbbb","ALL","ALL","BLUE","0","2022","-","0",,,,,,"2027"
"1492089692","AIRGLE","NY","PAS","06/17/2026","98","SUBN","ME/BE","P","7250","24340","29807","20270517","109","109","109","966064","0109","0000","0131P",,"Q","F","166-07","25 DR",,"0","408","K2",,"bbbbbbb","ALL","ALL","BLUE","0","2022","-","0",,,,,,"2027"
"1493576392","HVX8533","NY","PAS","06/05/2026","51","SUBN","AUDI","K","29370","13650","0","20270915","25","25","25","617","0001","0000","1133A","1110A","NY","O",,"RANDALLS ISLAND","SUNKEN MEADOW","20260605","408","E3",,"bbbbbbb","ALL","ALL","BLUE","0","2022","-","0",,,,,,"2027"
"1493831628","KSR6574","NY","PAS","06/16/2026","53","SUBN","TOYOT","P","0","0","0","20271027","70","70","70","956813","0139","0000","1042A",,"K","F",,"S/C C/O PARK CIRCLE","I/O CONEY ISLAND AVE","0","408","F6",,"bbbbbbb","ALL","ALL","BLUE","0","2022","-","0",,,,,,"2027"
"1496154678","ZLA8904","NY","PAS","06/29/2026","17","SUBN","MAZDA","O","22040","65590","0","88888888","102","102","102","0","QSCC","0000","0810A",,"Q",,,"132 ST","UNION TPKE","20260629","408","C4",,"YYYYYbb","0700A","0700P","BLUE","0","2022","-","0",,,,,,"2027"
"1496765590","LRX3436","NY","PAS","05/31/2026","20","SUBN","JEEP","K","27795","0","0","20261229","111","111","111","160527","0003","0000","0150P",,"Q",,,"ALLEY POND","ADVENTURE COURSE","0","408","D4",,"bbbbbbb","ALL","ALL","BLUE","0","2022","-","0",,,,,,"2027"
"1496766428","LLP1819","NY","PAS","06/20/2026","14","SUBN","CHEVR","P","0","62200","0","20280725","100","100","100","160118","0003","0000","0321P",,"Q",,,"ROCKAWAY BEACH B 99","SHORE FRONT PKWY","0","408","C",,"bbbbbbb","ALL","ALL","BLUE","0","2022","-","0",,,,,,"2027"
"1498211641","BLANK","99","PAS","07/10/2026","74","MC",,"P","55520","48020","8320","20250430","49","49","49","975475","0044","0000","1000P",,"BX","F","2531","OLINVILLE AVE",,"0","408","J2",,"bbbbbbb","ALL","ALL","BLUE","0","2022","-","0",,,,,,"2027"
"1498550745","LTP9841","NY","PAS","07/17/2026","14","SDN","LEXUS","L","10010","17310","17330","20271204","13","13","13","111169","0839","0000","0155A","0016A","NY","F","278","FIRST AVE",,"0","408","E2",,"bbbbbbb","ALL","ALL","BLUE","0","2022","-","0",,,,,,"2027"
"1500550516","T10211C","NY","COM","06/26/2026","98","VAN","TOYOT","P","60420","61220","53520","20260831","49","49","49","963671","0049","0000","0200A",,"BX","F","1952","RADCLIFF AVE",,"0","408","D",,"bbbbbbb","ALL","ALL","BLUE","0","2022","-","0",,,,,,"2027"
"1500785398","T805271C","NY","PAS","06/15/2026","40","SUBN","CHEVR","P","27310","44240","17190","20270531","105","105","105","966415","0105","0000","1230P",,"Q","F","84-50","265 STREET",,"0","408","E2",,"bbbbbbb","ALL","ALL","BLUE","0","2022","-","0",,,,,,"2027"
"1501173753","HCR9623","NY","PAS","06/11/2026","45","SUBN","HONDA","K","13235","0","0","20271024","110","110","110","160243","0003","0000","1059A",,"Q","O",,"FLUSHING MEADOW PK","AQUATIC CENTER","0","408","E1",,"bbbbbbb","ALL","ALL","BLUE","0","2022","-","0",,,,,,"2027"
"1501181452","LVV1515","NY","PAS","06/06/2026","45","SDN","BMW","K","56825","0","0","20270711","45","45","45","160484","0002","0000","0308P",,"BX","F","1","PARK DR","ORCHARD BCH PKG LT","0","408","E1",,"bbbbbbb","ALL","ALL","BLUE","0","2022","-","0",,,,,,"2027"
"1501358881","T102611C","NY","OMT","06/28/2026","98","SDN","TOYOT","P","21390","18040","18290","20270228","102","102","102","977213","0102","0000","0145P",,"Q","F","89-40","121 STREET",,"0","408","J2",,"bbbbbbb","ALL","ALL","BLUE","0","2022","-","0",,,,,,"2027"
"1501962280","CEV1206","NY","PAS","07/04/2026","20","SUBN","HONDA","P","29690","13113","36890","20270209","30","30","30","977551","0030","0000","0123P",,,"O","770","RIVERSIDE DR",,"0","408","D",,"bbbbbbb","ALL","ALL","BLUE","0","2022","-","0",,,,,,"2027"
"1502170425","MBY9082","NY","PAS","07/13/2026","27","SUBN","HYUND","Y","57720","70635","70635","20271007","49","49","49","102237","0976","0000","1259P",,"BX","F","1400","PELHAM PKWY SOUTH",,"0","408","D3",,"bbbbbbb","ALL","ALL","BLUE","0","2022","-","0",,,,,,"2027"
"1502205208","GOTTHAM","NY","PAS","07/11/2026","40","SDN","BMW","P","76330","77030","39350","88888888","61","61","61","970983","0061","0000","0709P",,"K","F","1781","SHEEPSHEAD BAY RD",,"0","408","F2",,"bbbbbbb","ALL","ALL","BLUE","0","2022","-","0",,,,,,"2027"
"1502293225","KUN1745","NY","PAS","05/31/2026","53","SUBN","HYUND","P","0","0","0","20280307","106","106","106","967607","0106","0000","1105P",,"Q",,,"I/O E/B NASSAU EXPWY","LEFFERTS BLVD","0","408","E2",,"bbbbbbb","ALL","ALL","BLUE","0","2022","-","0",,,,,,"2027"
"1503065686","KZJ5190","NY","PAS","07/17/2026","46","SUBN","BMW","P","56030","41930","80130","20271219","77","77","77","955179","0077","0000","1150P",,"K","F","572","LINCOLN PLACE",,"0","408","D",,"bbbbbbb","ALL","ALL","BLUE","0","2022","-","0",,,,,,"2027"
"1503182800","LTE9059","NY","PAS","05/24/2026","40","SDN","NISSA","N","91830","60330","83630","20270311","60","60","60","975826","0060","0000","1257A",,"K","F","2930","WEST 30",,"0","408","F2",,"bbbbbbb","ALL","ALL","BLUE","0","2022","-","0",,,,,,"2027"
"1503432245","SVZ4987","VA","PAS","06/18/2026","40","SDN","SUBAR","P","27270","73720","56820","20270531","48","48","48","988065","0048","0000","0910P",,"BX","F","416","E 187 ST",,"0","408","F1",,"bbbbbbb","ALL","ALL","BLUE","0","2022","-","0",,,,,,"2027"
"1503539430","BLANK","99","PAS","07/08/2026","74",,"PORSC","P","13690","19540","68690","20270527","112","112","112","968753","0112","0000","0200P",,,"F","102-33","65 ROAD",,"0","408","F2",,"bbbbbbb","ALL","ALL","BLUE","0","2022","-","0",,,,,,"2027"
"1504277740","LUS1634","NY","PAS","06/17/2026","14","SUBN","TOYOT","A","0","0","0","20270406","113","113","113","51801","0642","0000","0025A",,"Q","F",,"JFKIA","TERM 5 ARRIVALS","0","408","C",,"bbbbbbb","ALL","ALL","BLUE","0","2022","-","0",,,,,,"2027"
"1504458448","MDZ5836","NY","PAS","07/01/2026","67","SDN","TOYOT","P","7440","5440","0","20280317","114","114","114","983041","0114","0000","0130A","0130A","Q","F",,"27 AVE","8 ST","0","408","E2",,"bbbbbbb","ALL","ALL","BLUE","0","2022","-","0",,,,,,"2027"
"1504481574","MDJ1624","NY","PAS","07/01/2026","40","SUBN","HONDA","P","49630","90930","61010","20260310",,"0","0","984750","0076","0000","0632P",,,"F","773","HICKS STREET",,"0","408","C",,"bbbbbbb","ALL","ALL","BLUE","0","2022","-","0",,,,,,"2027"
"1504644359","KRG8020","NY","PAS","07/03/2026","46","SDN","HONDA","P","22920","47520","57720","20270805","49","49","49","983489","0049","0000","0740P","0735P","BX","F","2140","CRUGER AVE",,"0","408","F1",,"bbbbbbb","ALL","ALL","BLUE","0","2022","-","0",,,,,,"2027"
"1504655680","LUW7405","NY","PAS","07/04/2026","20","SUBN","MAZDA","P","57840","77850","0","20270424","45","45","45","980069","0045","0000","0626P","0620P","BX","O",,"PELHAM BAY PARK","WILKINSON AVE","0","408","F2",,"bbbbbbb","ALL","ALL","BLUE","0","2022","-","0",,,,,,"2027"
"1504664280","LHI5112","NY","PAS","06/15/2026","14","SUBN","KIA","P","27060","0","0","20280417","48","48","48","983211","0048","0000","1003P",,"BX",,,"E 180","DAIY AVE","0","408","C",,"Ybbbbbb","2203P","2208P","BLUE","0","2022","-","0",,,,,,"2027"
"1504830635","3RA4355","MD","PAS","07/04/2026","46","SDN","TOYOT","P","37780","75970","0","20290531","69","69","69","964549","0069","0000","0742P","0742P","K","F",,"E 89 ST","SEAVIEW AVE","20260704","408","E3",,"bbbbbbb","ALL","ALL","BLUE","0","2022","-","0",,,,,,"2027"
"1504860482","LNG4376","NY","PAS","07/16/2026","98","SUBN","BMW","P","63820","74840","74870","20260722","50","50","50","945989","0050","0000","0115A",,"BX","F","2776","SEDGWICK AVE",,"0","408","N5",,"bbbbbbb","ALL","ALL","BLUE","0","2022","-","0",,,,,,"2027"
"1504887347","KTB1758","NY","PAS","07/01/2026","98","SUBN","HONDA","P","36990","23740","23790","20271203","103","103","103","962166","0103","0000","0727A",,"Q","F","156-01","110 AVENUE",,"0","408","E2",,"bbbbbbb","ALL","ALL","BLUE","0","2022","-","0",,,,,,"2027"
"1504898620","BLANK","99","PAS","06/26/2026","51",,"FLY","P","21590","55690","17190","88888888","102","102","102","962436","0102","0000","0153P",,"Q","F","84-39","124 ST",,"0","408","E3",,"bbbbbbb","ALL","ALL","BLUE","0","2022","-","0",,,,,,"2027"
"1504981698","LTP9841","NY","PAS","07/19/2026","14","SUBN","LEXUS","L","10010","17310","17330","20271204","13","13","13","111200","0839","0000","0551P",,"NY","F","278","1 AVENUE",,"0","408","C",,"bbbbbbb","ALL","ALL","BLUE","0","2022","-","0",,,,,,"2027"
"1505062159","MAD7284","NY","PAS","07/05/2026","14","SDN","HONDA","P","79980","62490","13490","20271229","88","88","88","970812","0088","0000","0410A",,"K","F","93","ST EDWARDS ST",,"0","408","E2",,"bbbbbbb","ALL","ALL","BLUE","0","2022","-","0",,,,,,"2027"
"1505809551","LEB9020","NY","PAS","06/20/2026","14","SUBN","BMW","3","25645","32625","13113","20271018","19","19","19","762394","0977","0000","0751P",,"NY","F","910","MAIN ST",,"0","408","C4",,"bbbbbbb","ALL","ALL","BLUE","0","2022","-","0",,,,,,"2027"
"1505817213","HWU5468","NY","PAS","07/10/2026","38","SUBN","TOYOT","3","25645","13113","13113","20271216","19","19","19","529707","0977","0000","0345P",,"NY","F","405","MAIN STREET",,"0","408","C",,"bbbbbbb","ALL","ALL","BLUE","0","2022","-","0",,,,,,"2027"
"1505841562","LZK4010","NY","PAS","06/24/2026","51","SDN","HONDA","P","72330","40090","40830","20280407","88","88","88","959559","0088","0000","0259P",,"K","F","147","PRINCE STREET",,"0","408","F1",,"bbbbbbb","ALL","ALL","BLUE","0","2022","-","0",,,,,,"2027"
"1505865086","SWX9452","VA","PAS","07/12/2026","40","SUBN","HYUND","P","60420","52220","61220","88888888","49","49","49","938122","0049","0000","1059A",,"BX","F","1825","RADCLIFF AVE",,"0","408","E3",,"bbbbbbb","ALL","ALL","BLUE","0","2022","-","0",,,,,,"2027"
"1505878561","NGA6380","PA","PAS","05/24/2026","46","SDN","AUDI","P","31820","41620","45120","20270430","41","41","41","972992","0041","0000","0425P","0424P","BX","F","750","FAILE ST",,"20260524","408","E2",,"bbbbbbb","ALL","ALL","BLUE","0","2022","-","0",,,,,,"2027"
"1505900062","LVF9541","NY","PAS","07/04/2026","40","SUBN","ME/BE","P","0","0","0","20270309",,"0","0","975387","0028","0000","0855P",,"NY","F",,,,"0","408","F1",,"bbbbbbb","ALL","ALL","BLUE","0","2022","-","0",,,,,,"2027"
"1505900086","LUF9541","NY","PAS","07/04/2026","19","SUBN",,"P","14210","21010","24690","20270309","28","28","28","975387","0028","0000","0856P",,"NY","F","55","CPN",,"0","408","D",,"bbbbbbb","ALL","ALL","BLUE","0","2022","-","0",,,,,,"2027"
"1505952347","KAJ2614","NY","PAS","07/04/2026","19","SDN","HONDA","P","22680","67730","17560","20280630","60","60","60","979483","0060","0000","0621P",,"K","F","117","BRIGHTON BEACH AVE",,"0","408","C3",,"bbbbbbb","ALL","ALL","BLUE","0","2022","-","0",,,,,,"2027"
"1506017563","MDB3006","NY","PAS","07/03/2026","40","SDN","KIA","P","7080","15780","30630","20280406","62","62","62","980327","0062","0000","0324A",,"K","F","8768","20TH AVE",,"0","408","E2",,"bbbbbbb","ALL","ALL","BLUE","0","2022","-","0",,,,,,"2027"
"1506086263","KBP7324","NY","PAS","06/28/2026","98","SDN","SUBAR","P","8430","5430","5580","20260925","72","72","72","940451","0072","0000","0400P",,"K","F","417","37 STREET",,"0","408","E2",,"bbbbbbb","ALL","ALL","BLUE","0","2022","-","0",,,,,,"2027"
"1506102840","KJY8009","NY","PAS","06/21/2026","40",,"RIV","P","76530","73350","12830","20270218","75","75","75","978878","0075","0000","0139P","0139P","K","F","85","SHEPHERD AVE",,"0","408","E2",,"bbbbbbb","ALL","ALL","BLUE","0","2022","-","0",,,,,,"2027"
"1506202895","LXD7645","NY","PAS","06/19/2026","40","SUBN","AUDI","K","71620","0","0","20270730","50","50","50","161275","0002","0000","0215P",,"BX",,"115","VAN CORTLANDT PARK S","GOLF COURSE","0","408","E2",,"bbbbbbb","ALL","ALL","BLUE","0","2022","-","1",,,,,,"2027"
"1506346327","BE70878","CT","PAS","07/19/2026","98","SDN","HYUND","P","53720","49720","61320","88888888","47","47","47","984254","0047","0000","0630P",,"BX","F","657","NEREID AVE",,"0","408","E2",,"bbbbbbb","ALL","ALL","BLUE","0","2022","-","0",,,,,,"2027"
"1506546419","MGZ5052","NY","PAS","07/11/2026","71","SUBN","HONDA","P","56330","25330","93530","20270911","83","83","83","985165","0083","0000","0116A",,"K","F","176","LINDEN STREET",,"0","408","D1",,"bbbbbbb","ALL","ALL","BLUE","0","2022","-","0",,,,,,"2027"
"4053484900","EDY550","MT","PAS","06/29/2026","5","LIGH","RAM T","V","0","0","0","0",,"0","0","0",,,"0653P",,"MN",,,"WB E 14TH STREET @ 4","TH AVE","0","1111","C","T",,,,"BLUE",,"2022",,"0",,"BUS LANE VIOLATION",,,,"2027"
"4053678614","SLB5998","GA","PAS","07/11/2026","5","MP","Mazda","V","0","0","0","0",,"0","0","0",,,"0659P",,"QN",,,"EB JAMAICA AVE @ MER","RICK BLVD","0","1111","C","T",,,,"BLUE",,"2022",,"0",,"BUS LANE VIOLATION",,,,"2027"
"4992754788","EBK044","MT","PAS","06/21/2026","36","LIGH","LAMBO","V","0","0","0","0",,"0","0","0",,,"0137A",,"MN",,,"NB HUDSON ST @ GROVE","ST","0","1180","B","T",,,,"BLUE",,"2022",,"0",,"PHTO SCHOOL ZN SPEED VIOLATION",,,,"2027"
"4992908184","DCG2403","GA","PAS","06/21/2026","36","MP","KIA","V","0","0","0","0",,"0","0","0",,,"0414P",,"BX",,,"SB BAYCHESTER AVE @","CRAWFORD AVE","0","1180","B","T",,,,"BLUE",,"2022",,"0",,"PHTO SCHOOL ZN SPEED VIOLATION",,,,"2027"
"4993182569","120ERY","ND","PAS","06/25/2026","36","SD","Hyund","V","0","0","0","0",,"0","0","0",,,"0458P",,"QN",,,"SB SPRINGFIELD BLVD","@ 193RD ST","0","1180","B","T",,,,"BLUE",,"2022",,"0",,"PHTO SCHOOL ZN SPEED VIOLATION",,,,"2027"
"4993653141","AFY4071","GA","PAS","06/30/2026","36","MP","Nissa","V","0","0","0","0",,"0","0","0",,,"0130P",,"QN",,,"SB QUEENS BLVD @ 87T","H AVE","0","1180","B","T",,,,"BLUE",,"2022",,"0",,"PHTO SCHOOL ZN SPEED VIOLATION",,,,"2027"
"4993667980","AMD3337","WI","PAS","06/30/2026","36","SEDA",,"V","0","0","0","0",,"0","0","0",,,"0544P",,"ST",,,"NB WILLOW RD E @ HOM","E PL","0","1180","B","T",,,,"BLUE",,"2022",,"0",,"PHTO SCHOOL ZN SPEED VIOLATION",,,,"2027"
"4993886366","SLB5998","GA","PAS","07/02/2026","36","MP","Mazda","V","0","0","0","0",,"0","0","0",,,"0106A",,"QN",,,"NB MERRICK BLVD @ LI","NDEN BLVD","0","1180","B","T",,,,"BLUE",,"2022",,"0",,"PHTO SCHOOL ZN SPEED VIOLATION",,,,"2027"
"4994775230","EBKO44","MT","PAS","07/10/2026","36","LIGH","LAMBO","V","0","0","0","0",,"0","0","0",,,"1037P",,"ST",,,"EB AMBOY RD @ IDAHO","AVE","0","1180","B","T",,,,"BLUE",,"2022",,"0",,"PHTO SCHOOL ZN SPEED VIOLATION",,,,"2027"
"4995799643","EDY550","MT","PAS","07/19/2026","36","LIGH","RAM T","V","0","0","0","0",,"0","0","0",,,"0633P",,"QN",,,"EB NORTHERN BLVD @ 4","1ST ST","0","1180","B","T",,,,"BLUE",,"2022",,"0",,"PHTO SCHOOL ZN SPEED VIOLATION",,,,"2027"
"4995934169","CTA2039","GA","PAS","07/20/2026","36","MP","Toyot","V","0","0","0","0",,"0","0","0",,,"1221P",,"BX",,,"EB BRUCKNER BLVD @ W","HITE PLAINS RD","0","1180","B","T",,,,"BLUE",,"2022",,"0",,"PHTO SCHOOL ZN SPEED VIOLATION",,,,"2027"
"4996286386","SIL4181","GA","PAS","07/24/2026","36","TK","Chevr","V","0","0","0","0",,"0","0","0",,,"1130A",,"BX",,,"SB GRAND CONCOURSE @","MINERVA PL","0","1180","B","T",,,,"BLUE",,"2022",,"0",,"PHTO SCHOOL ZN SPEED VIOLATION",,,,"2027"
"5150944877","BAC9047","WI","PAS","06/15/2026","7","SPOR","HYUND","V","0","0","0","0",,"0","0","0",,,"0258P",,"BX",,,"EB CLAREMONT PKWY @","CROTONA AVE","0","1111","D","T",,,,"BLUE",,"2022",,"0",,"FAILURE TO STOP AT RED LIGHT",,,,"2027"
"5150993920","SLD2918","GA","PAS","06/17/2026","7","4S","Hyund","V","0","0","0","0",,"0","0","0",,,"0202A",,"BK",,,"NB REMSEN AVE @ FARR","AGUT RD","0","1111","D","T",,,,"BLUE",,"2022",,"0",,"FAILURE TO STOP AT RED LIGHT",,,,"2027"
"5151030176","DAK5623","GA","PAS","06/17/2026","7","4S","Toyot","V","0","0","0","0",,"0","0","0",,,"0236P",,"BK",,,"WB EASTERN PKWY @ NE","W YORK AVE","0","1111","D","T",,,,"BLUE",,"2022",,"0",,"FAILURE TO STOP AT RED LIGHT",,,,"2027"
"5151552247","EDY550","MT","PAS","06/26/2026","7","LIGH","RAM T","V","0","0","0","0",,"0","0","0",,,"0646P",,"QN",,,"NORTHERN BLVD (E/B)","@ 48TH ST","0","1111","D","T",,,,"BLUE",,"2022",,"0",,"FAILURE TO STOP AT RED LIGHT",,,,"2027"
"5151565850","120ERY","ND","PAS","06/27/2026","7","SD","Hyund","V","0","0","0","0",,"0","0","0",,,"0359A",,"BK",,,"EB LINDEN BLVD @ SNE","DIKER AVE","0","1111","D","T",,,,"BLUE",,"2022",,"0",,"FAILURE TO STOP AT RED LIGHT",,,,"2027"
"8784645052","KWR2590","NY","PAS","07/27/2026","38","SUBN","NS","T","43190","0","0","20280516","120","120","120","393476","T303","E","0433P",,"R","I","E","Pelton Ave","5ft N/of Forest Ave","0","408","H1",,"YYYYYY","0900A","0600P","BLUE",,"2022","511228","0","04-P","38-Failure to Dsplay Meter Rec",,,,"2027"
"8937822167","C33J","NY","SRF","07/18/2026","31","4DSD","ME/BE","T","34370","10065","11110","88888888","10","10","10","358667","T502","X","0201P",,"NY","F","524","W 30th St",,"0","408","L3",,"YYYYYY","0700A","1000P","BLUE",,"2022",,"0","01","31-No Stand (Com. Mtr. Zone)",,,,"2027"
"8940434079","MAT4567","NY","PAS","06/26/2026","14","SUBN","BMW","T","34590","0","0","20270929","10","10","10","356960","MTTF","B","1130A",,"NY","I","S","W 41st St","100ft W/of 11th Ave","0","408","C",,"YYYYYYY",,,"BLUE",,"2022",,"0","09","14-No Standing",,,,"2027"
"8940434080","MAT4567","NY","PAS","06/26/2026","70","SUBN","BMW","T","34590","0","0","20270929","10","10","10","356960","MTTF","B","1133A",,"NY","I","S","W 41st St","100ft W/of 11th Ave","0","408","J3",,"YYYYYYY",,,"BLUE",,"2022",,"0","09","70B-Impropr Dsply of Reg (NYS)",,,,"2027"
"8979682141","X3M","NY","SPO","07/17/2026","71","SUBN","BMW","T","5430","10780","10830","20270330","68","68","68","373203","T302","J","1103A",,"K","O","8415","4th Ave",,"0","408","J6",,"YYYYYYY",,,"BLUE",,"2022",,"0","14","71-Insp. Sticker Missing (NYS",,,,"2027"
"9092152882","LKP4355","NY","PAS","07/23/2026","31","SUBN","FORD","T","34230","10410","10510","20280630","13","13","13","373273","T102","X","0922A",,"NY","F","61","W 23rd St",,"0","408","L3",,"YYYYYY","0700A","0700P","BLUE",,"2022",,"0","01","31-No Stand (Com. Mtr. Zone)",,,,"2027"
"9274810532","KXD2693","NY","PAS","07/18/2026","40","SUBN","MAZDA","T","18990","50290","12840","20280620","112","112","112","351992","T730","X2","0926P",,"Q","O","61-25","97th Pl",,"0","408","E2",,"YYYYYYY",,,"BLUE",,"2022",,"0","11","40-Fire Hydrant",,,,"2027"
"9282493740","LAV8404","NY","PAS","06/29/2026","38","PICK","RAM","T","13610","35510","35530","20270331","24","24","24","371196","T103","N","0314P",,"NY","F","2393","Broadway",,"0","408","H1",,"YYYYYY","0830A","1000P","BLUE",,"2022","110191","0","36","38-Failure to Dsplay Meter Rec",,,,"2027"
"9287415304","99061ND","NY","COM","07/23/2026","19","VAN","NS","T","61090","58717","65490","88888888","109","109","109","393475","T401","U","1152A",,"Q","F","136-85","Roosevelt Ave",,"0","408","C3",,"YYYYYYY",,,"BLUE",,"2022",,"0","50-A","19-No Stand (bus stop)",,,,"2027"
"9287994894","KVH8938","NY","PAS","07/01/2026","74","4DSD","KIA","T","42490","7490","7640","20260422","114","114","114","358212","T401","R","0320P",,"Q","F","27-10","Ditmars Blvd",,"0","408","J2",,"YYYYYYY",,,"BLUE",,"2022",,"0","35","74-Missing Display Plate",,,,"2027"
"9288379435","133APB","NY","ORG","07/07/2026","31","4DSD","ME/BE","T","25390","17570","17590","20271001","13","13","13","372266","T102","Q","1239P",,"NY","F","112","Madison Ave",,"0","408","L3",,"YYYYYY","0700A","0700P","BLUE",,"2022",,"0","04","31-No Stand (Com. Mtr. Zone)",,,,"2027"
"9289064602","MDF5180","NY","PAS","07/06/2026","31","PICK","FORD","T","15710","35170","35190","20280219","20","20","20","377533","T103","GG","1253P",,"NY","F","228","Columbus Ave",,"0","408","L3",,"YYYYY","0800A","0700P","BLUE",,"2022",,"0","26","31-No Stand (Com. Mtr. Zone)",,,,"2027"
"9289714633","KDB7947","NY","PAS","07/06/2026","21","SUBN","NS","T","27790","18770","18790","20260809","19","19","19","364888","T103","K","1213P",,"NY","F","1100","Park Ave",,"0","408","D1",,"Y  Y","1100A","1230A","BLUE",,"2022",,"0","32","21-No Parking (street clean)",,,,"2027"
"9290012470","X3M","NY","SPO","06/27/2026","38","SUBN","BMW","T","5430","10780","10830","20270331","68","68","68","375357","T302","H","0916A",,"K","F","8415","4th Ave",,"0","408","H1",,"YYYYYY","0830A","0700P","BLUE",,"2022","309072","0","14","38-Failure to Dsplay Meter Rec",,,,"2027"
"9290012481","X3M","NY","SPO","06/27/2026","71","SUBN","BMW","T","5430","10780","10830","20270331","68","68","68","375357","T302","H","0917A",,"K","F","8415","4th Ave",,"0","408","J6",,"YYYYYYY",,,"BLUE",,"2022",,"0","14","71-Insp. Sticker Missing (NYS",,,,"2027"
"9290148457","MET7206","NY","PAS","07/22/2026","14","4DSD","AUDI","T","44890","0","0","20260822","6","6","6","355323","T102","K","1248P",,"NY","I","E","Laguardia Pl","14ft S/of Bleecker S","0","408","C",,"YYYYYYY",,,"BLUE",,"2022",,"0","99","14-No Standing",,,,"2027"
"9290353508","MRJUDY","NY","SRF","07/01/2026","21","SUBN","VOLKS","T","44930","72130","11930","20260701","90","90","90","377529","T301","A","0918A",,"K","F","295","Graham Ave",,"0","408","D1",,"Y","0830A","1000A","BLUE",,"2022",,"0","15","21-No Parking (street clean)",,,,"2027"
"9290501583","MDR7171","NY","PAS","06/26/2026","20","4DSD","TOYOT","T","8790","7940","8140","20260905","114","114","114","364909","MTTF","D","0812A",,"Q","O","3012","37th Ave",,"0","408","D",,"YYYYY","0800A","0600P","BLUE",,"2022",,"0","01","20A-No Parking (Non-COM)",,,,"2027"
"9290647206","KYX7009","NY","PAS","07/06/2026","38","SUBN","LEXUS","T","67030","29630","26430","20261104","67","67","67","392532","T302","P","1256P",,"K","F","1732","Nostrand Ave",,"0","408","H1",,"YYYYYY","0830A","0700P","BLUE",,"2022","307116","0","16","38-Failure to Dsplay Meter Rec",,,,"2027"
"9290769634","KYH2736","NY","999","07/07/2026","20","4DSD","HONDA","T","24190","49690","18040","20260801","103","103","103","370898","T402","L","0253P",,"Q","O","88-25","163rd St",,"0","408","D",,"YYYYYYY",,,"BLUE",,"2022",,"0","18","20A-No Parking (Non-COM)",,,,"2027"
"9290793600","MET5119","NY","PAS","07/15/2026","21","SUBN","ME/BE","T","10640","9140","62590","20260803","108","108","108","371223","T401","I","1111A",,"Q","F","40-39","48th St",,"0","408","D1",,"Y","1100A","1230A","BLUE",,"2022",,"0","36-A","21-No Parking (street clean)",,,,"2027"
"9290803885","10383NB","NY","COM","07/07/2026","69","VAN","FRUEH","T","15540","8790","8890","88888888","115","115","115","368584","T401","Q","1027A",,"Q","F","37-03","73rd St",,"0","408","H1",,"YYYYYY","0800A","0700P","BLUE",,"2022","468225","0","22-A","69-Fail to Dsp Prking Mtr Rcpt",,,,"2027"
"9290803897","10383NB","NY","COM","07/07/2026","74","VAN","FRUEH","T","15540","8790","8890","88888888","115","115","115","368584","T401","Q","1028A",,"Q","F","37-03","73rd St",,"0","408","J2",,"YYYYYYY",,,"BLUE",,"2022",,"0","22-A","74A-Improperly Displayed Plate",,,,"2027"
"9290902310","133APB","NY","PAS","06/27/2026","38","4DSD","ME/BE","T","35330","13610","44990","20271001","20","20","20","376165","T103","R","0249P",,"NY","F","250","W 78th St",,"0","408","H1",,"YYYYYY","0900A","0700P","BLUE",,"2022","111502","0","11","38-Failure to Dsplay Meter Rec",,,,"2027"
"9290969817","MEL6804","NY","999","07/07/2026","21","SUBN","BMW","T","9080","6780","68010","20260625","66","66","66","366470","T302","O","0958A",,"K","F","1721","50th St",,"0","408","D1",,"Y","0930A","1100A","BLUE",,"2022",,"0","09","21-No Parking (street clean)",,,,"2027"
"9291078621","40060NF","NY","COM","06/30/2026","19","VAN","ROVER","T","54580","8790","8990","20271031","109","109","109","392599","T401","Z","0112P",,"Q","F","37-08","Main St",,"0","408","C3",,"YYYYYYY",,,"BLUE",,"2022",,"0","02-P","19-No Stand (bus stop)",,,,"2027"
"9291089941","LRB2496","NY","PAS","07/16/2026","37","SUBN","NISSA","T","38490","56490","61890","20261018","104","104","104","378641","T401","N","0227P","0219P","Q","F","56-11","Catalpa Ave",,"20260716","408","H1",,"YYYYYY","0800A","0700P","BLUE",,"2022","453658","0","50-A","37-Expired Parking Meter",,,,"2027"
"9291183600","MCN3249","NY","PAS","06/30/2026","21","PICK","RAM","T","18450","10110","10010","20280107","19","19","19","392556","T103","F","0907A",,"NY","O","301","E 73rd St",,"0","408","D1",,"Y  Y","0900A","1030A","BLUE",,"2022",,"0","CC1","21-No Parking (street clean)",,,,"2027"
"9291192818","HKM5688","NY","PAS","07/10/2026","16","SUBN","FORD","T","35190","11710","44990","20261003","20","20","20","358596","T103","K","1230P",,"NY","F","213","W 71st St",,"0","408","K2",,"YYYYYY","0700A","0400P","BLUE",,"2022",,"0","38","16A-No Std (Com Veh) Non-COM",,,,"2027"
"9291239756","MDU3597","NY","PAS","07/15/2026","40","SUBN","ME/BE","T","8020","16120","46620","20260731","41","41","41","365849","T201","C","0817A",,"BX","F","1025","Aldus St",,"0","408","E2",,"YYYYYYY",,,"BLUE",,"2022",,"4","01","40-Fire Hydrant",,,,"2027"
"9291503575","466CH5","NY","MOT","07/09/2026","40","MCY","NS","T","23790","21740","33910","20260719","6","6","6","371169","T102","B","0851A",,"NY","O","11","Jane St",,"0","408","E2",,"YYYYYYY",,,"BLUE",,"2022",,"4","20","40-Fire Hydrant",,,,"2027"
"9291767001","25147ND","NY","COM","07/11/2026","38","VAN","NS","T","55690","16940","53490","20270530","102","102","102","357319","T402","M","0412P",,"Q","F","118-80","Metropolitan Ave",,"0","408","H1",,"YYYYYY","1000A","0700P","BLUE",,"2022","416773","0","11","38-Failure to Dsplay Meter Rec",,,,"2027"
"9291799828","MDX2592","NY","PAS","07/12/2026","14","4DSD","BMW","T","61090","17540","43290","20280323","110","110","110","357765","T401","U","1201P",,"Q","F","86-10","Roosevelt Ave",,"0","408","C",,"YYYYYYY",,,"BLUE",,"2022",,"0","51-A","14-No Standing",,,,"2027"
"9292086996","LAV8404","NY","PAS","07/04/2026","71","PICK","RAM","T","44990","0","0","20270331","20","20","20","379459","T103","PP","1232P",,"NY","I","E","West End Ave","10ft S/of W 98th St","0","408","J6",,"YYYYYYY",,,"BLUE",,"2022",,"0","23","71A-Insp Sticker Expired (NYS)",,,,"2027"
"9292409049","MCP6492","NY","PAS","07/20/2026","38","SUBN","TOYOT","T","35690","9690","9840","20280420","111","111","111","378193","T401","G","1244P",,"Q","F","42-26","Bell Blvd",,"0","408","H1",,"YYYYYY","0900A","0700P","BLUE",,"2022","452170","0","44-P","38-Failure to Dsplay Meter Rec",,,,"2027"
"9292756588","KVH8938","NY","PAS","07/01/2026","70","4DSD","KIA","T","42490","7490","7640","20260422","114","114","114","393340","T401","H","0318P",,"Q","F","27-10","Ditmars Blvd",,"0","408","J3",,"YYYYYYY",,,"BLUE",,"2022",,"0","34","70A-Reg. Sticker Expired (NYS)",,,,"2027"
"9292988098","MBY8117","NY","PAS","07/07/2026","21","SUBN","FORD","T","56490","57690","64690","20260728","104","104","104","362178","T402","C","0738A",,"Q","F","60-19","Myrtle Ave",,"0","408","D1",,"YYYYYY","0730A","0800A","BLUE",,"2022",,"0","24","21-No Parking (street clean)",,,,"2027"
"9293020397","MET5119","NY","PAS","07/01/2026","21","SUBN","ME/BE","T","10640","9140","62590","20260803","108","108","108","355249","T401","A","1117A",,"Q","F","40-39","48th St",,"0","408","D1",,"Y","1100A","1230A","BLUE",,"2022",,"0","V","21-No Parking (street clean)",,,,"2027"
"9293097874","MCN3249","NY","PAS","07/01/2026","38","SUBN","RAM","T","10210","18430","18450","20280107","19","19","19","373757","T103","AA","0815A",,"NY","F","1262","3rd Ave",,"0","408","H1",,"YYYYYY","0800A","0700P","BLUE",,"2022","103993","0","03","38-Failure to Dsplay Meter Rec",,,,"2027"
"9293099354","MCN3249","NY","PAS","07/09/2026","38","PICK","RAM","T","10210","18430","18450","20280107","19","19","19","373757","T103","AA","0817A",,"NY","F","1262","3rd Ave",,"0","408","H1",,"YYYYYY","0800A","0700P","BLUE",,"2022","103993","0","02","38-Failure to Dsplay Meter Rec",,,,"2027"
"9293215500","LGY3213","NY","PAS","06/26/2026","21","4DSD","HONDA","T","67530","29630","33530","20271123","70","70","70","359630","T302","L","1145A",,"K","F","809","Ocean Ave",,"0","408","D1",,"Y","1130A","0100P","BLUE",,"2022",,"0","18","21-No Parking (street clean)",,,,"2027"
"9293283827","99061ND","NY","COM","07/21/2026","14","VAN","NS","T","59590","9140","61090","88888888","109","109","109","361091","T401","D","1145A",,"Q","O","39-07","Prince St",,"0","408","C",,"YYYYYYY",,,"BLUE",,"2022",,"0","07-A","14-No Standing",,,,"2027"
"9293283839","99061ND","NY","COM","07/21/2026","73","VAN","NS","T","59590","9140","61090","88888888","109","109","109","361091","T401","D","1145A",,"Q","O","39-07","Prince St",,"0","408","J4",,"YYYYYYY",,,"BLUE",,"2022",,"0","07-A","73-Reg Stkr Mutilated",,,,"2027"
"9293284352","99061ND","NY","COM","07/22/2026","14","VAN","NS","T","59590","8790","35780","88888888","109","109","109","361091","T401","D","0303P",,"Q","F","37-06","Prince St",,"0","408","C",,"YYYYYYY",,,"BLUE",,"2022",,"0","50-A","14-No Standing",,,,"2027"
"9293284364","99061ND","NY","COM","07/22/2026","73","VAN","NS","T","59590","8790","35780","88888888","109","109","109","361091","T401","D","0304P",,"Q","F","37-06","Prince St",,"0","408","J4",,"YYYYYYY",,,"BLUE",,"2022",,"0","50-A","73-Reg Stkr Mutilated",,,,"2027"
"9293403808","GNU8650","NY","PAS","07/10/2026","21","SUBN","ME/BE","T","18730","10410","25390","20250428","19","19","19","373194","T103","G","0908A",,"NY","O","1","E 87th St",,"0","408","D1",,"Y  Y","0900A","1030A","BLUE",,"2022",,"0","23","21-No Parking (street clean)",,,,"2027"
"9293403810","GNU8650","NY","PAS","07/10/2026","70","SUBN","ME/BE","T","18730","10410","25390","20250428","19","19","19","373194","T103","G","0909A",,"NY","O","1","E 87th St",,"0","408","J3",,"YYYYYYY",,,"BLUE",,"2022",,"0","23","70A-Reg. Sticker Expired (NYS)",,,,"2027"
"9293403821","GNU8650","NY","PAS","07/10/2026","71","SUBN","ME/BE","T","18730","10410","25390","20250428","19","19","19","373194","T103","G","0910A",,"NY","O","1","E 87th St",,"0","408","J6",,"YYYYYYY",,,"BLUE",,"2022",,"0","23","71A-Insp Sticker Expired (NYS)",,,,"2027"
"9293404590","KDB7947","NY","PAS","07/14/2026","21","SUBN","ROVER","T","25390","18730","18750","20260809","19","19","19","373194","T103","G","0851A",,"NY","F","1202","Madison Ave",,"0","408","D1",,"YY YY","0830A","0900A","BLUE",,"2022",,"0","41","21-No Parking (street clean)",,,,"2027"
"9293493238","MGN7788","NY","PAS","07/24/2026","38","4DSD","ME/BE","T","40020","61620","16420","20260821","45","45","45","371732","T201","K","1141A",,"BX","F","1754","Hobart Ave",,"0","408","H1",,"YYYYYY","0830A","0700P","BLUE",,"2022","213714","0","07","38-Failure to Dsplay Meter Rec",,,,"2027"
"9293567003","MAA6672","NY","PAS","06/27/2026","46","4DSD","HYUND","T","38887","45190","41700","20280106","104","104","104","366466","T402","B","1021A",,"Q","F","24","Charlotte St",,"0","408","F1",,"YYYYYYY",,,"BLUE",,"2022",,"0","C","46A-Double Parking (Non-COM)",,,,"2027"
"9293567015","MAA6672","NY","PAS","06/27/2026","71","4DSD","HYUND","T","38887","45190","41700","20280106","104","104","104","366466","T402","B","1023A",,"Q","F","24","Charlotte St",,"0","408","J6",,"YYYYYYY",,,"BLUE",,"2022",,"0","C","71A-Insp Sticker Expired (NYS)",,,,"2027"
"9293626032","99061ND","NY","COM","07/13/2026","19","VAN","NS","T","9140","35780","22590","20270630","109","109","109","362283","T401","U","0328P",,"Q","F","136-36","39th Ave",,"0","408","C3",,"YYYYYYY",,,"BLUE",,"2022",,"0","50-A","19-No Stand (bus stop)",,,,"2027"
"9293731551","ZKJ7291","NY","ITP","07/09/2026","38","4DSD","TESLA","T","75530","64330","5280","20241024","84","84","84","362220","T301","S","0442P",,"K","O","333","Schermerhorn St",,"0","408","H1",,"YYYYYY","0900A","0700P","BLUE",,"2022","311077","0","03","38-Failure to Dsplay Meter Rec",,,,"2027"
"9293805169","ZKJ7291","NY","ITP","07/09/2026","38","SEDN","TESLA","T","75530","64330","5280","20241024","84","84","84","373761","T301","R","0232P",,"K","O","333","Schermerhorn St",,"0","408","H1",,"YYYYYY","0800A","0700P","BLUE",,"2022","311077","0","Myrt","38-Failure to Dsplay Meter Rec",,,,"2027"
"9293805170","ZKJ7291","NY","ITP","07/09/2026","70","SEDN","TESLA","T","75530","64330","5280","20241024","84","84","84","373761","T301","R","0233P",,"K","O","333","Schermerhorn St",,"0","408","J3",,"YYYYYYY",,,"BLUE",,"2022",,"0","Myrt","70A-Reg. Sticker Expired (NYS)",,,,"2027"
"9293805844","MDN7912","NY","PAS","07/20/2026","70","SUBN","HONDA","T","93250","41145","13230","20260622","88","88","88","373761","T301","R","0138P",,"K","F","175","Willoughby St",,"0","408","J3",,"YYYYYYY",,,"BLUE",,"2022",,"0","SPCL","70A-Reg. Sticker Expired (NYS)",,,,"2027"
"9293894129","LLE4370","NY","PAS","07/23/2026","38","4DSD","NISSA","T","17950","10410","25390","20261227","18","18","18","346346","MTTF","E","0838P",,"NY","O","8","E 48th St",,"0","408","H1",,"YYYYY","0600P","1200A","BLUE",,"2022","106416","0","08","38-Failure to Dsplay Meter Rec",,,,"2027"
"9293894130","LLE4370","NY","PAS","07/23/2026","74","4DSD","NISSA","T","17950","10410","25390","20261227","18","18","18","346346","MTTF","E","0840P",,"NY","O","8","E 48th St",,"0","408","J2",,"YYYYYYY",,,"BLUE",,"2022",,"0","08","74-Missing Display Plate",,,,"2027"
"9293894142","LLE4370","NY","PAS","07/23/2026","74","4DSD","NISSA","T","17950","10410","25390","20261227","18","18","18","346346","MTTF","E","0841P",,"NY","O","8","E 48th St",,"0","408","J2",,"YYYYYYY",,,"BLUE",,"2022",,"0","08","74B-Covered Plate",,,,"2027"
"9293903878","LUD3293","NY","PAS","07/06/2026","21","SUBN","ROVER","T","18490","27790","24890","20270205","19","19","19","373694","T103","E","0939A",,"NY","F","101","E 75th St",,"0","408","D1",,"Y  Y","0900A","1030A","BLUE",,"2022",,"0","01","21-No Parking (street clean)",,,,"2027"
"9293907483","KWX6311","NY","PAS","07/15/2026","38","SUBN","VOLKS","T","25390","18830","18850","20260725","19","19","19","354070","T103","AA","0916A",,"NY","O","1326","Madison Ave",,"0","408","H1",,"YYYYYY","0800A","0700P","BLUE",,"2022","111893","0","01","38-Failure to Dsplay Meter Rec",,,,"2027"
"9293914864","KWX6311","NY","PAS","07/14/2026","16","SUBN","VOLKS","T","18490","10010","45590","20260725","19","19","19","378300","T103","B","0402P",,"NY","O","401","E 75th St",,"0","408","K2",,"YYYYY","0700A","0700P","BLUE",,"2022",,"0","CC1","16A-No Std (Com Veh) Non-COM",,,,"2027"
"9293921273","MGN8542","NY","PAS","07/20/2026","21","SUBN","BMW","T","18470","10210","10110","20260804","19","19","19","364877","T103","D","0913A",,"NY","F","207","E 74th St",,"0","408","D1",,"Y  Y","0900A","1030A","BLUE",,"2022",,"0","43","21-No Parking (street clean)",,,,"2027"
"9293956767","LGX9084","NY","PAS","06/26/2026","20","SUBN","SUBAR","T","21190","37290","10535","20280118","33","33","33","350439","T103","A","0727A",,"NY","F","390","Fort Washington Ave",,"0","408","D",,"YYYYYYY",,,"BLUE",,"2022",,"0","G","20A-No Parking (Non-COM)",,,,"2027"
"9293996200","MDV9265","NY","PAS","07/26/2026","70","SUBN","TOYOT","T","45820","35720","76950","20260630","43","43","43","378642","T201","N","0209P",,"BX","F","1218","Leland Ave",,"0","408","J3",,"YYYYYYY",,,"BLUE",,"2022",,"0","03","70A-Reg. Sticker Expired (NYS)",,,,"2027"
"9294008903","MEL6804","NY","PAS","07/10/2026","70","SUBN","BMW","T","9080","6880","56440","20260625","66","66","66","359295","T302","M","0838A",,"K","F","1822","50th St",,"0","408","J3",,"YYYYYYY",,,"BLUE",,"2022",,"0","S","70A-Reg. Sticker Expired (NYS)",,,,"2027"
"9294008915","MEL6804","NY","PAS","07/10/2026","21","SUBN","BMW","T","9080","6880","56440","20260625","66","66","66","359295","T302","M","0839A",,"K","F","1822","50th St",,"0","408","D1",,"Y","0830A","1000A","BLUE",,"2022",,"0","S","21-No Parking (street clean)",,,,"2027"
"9294087104","ZLC9336","NY","ITP","07/10/2026","14","SUBN","ME/BE","T","24240","0","0","20260722","103","103","103","370282","T402","H","1017A",,"Q","I","W","164th St","25ft N/of Jamaica Av","0","408","C",,"YYYYYYY",,,"BLUE",,"2022",,"0","15","14-No Standing",,,,"2027"
"9294352365","ZKJ7291","NY","PAS","07/10/2026","38","4DSD","TESLA","T","75530","64330","5280","88888888","84","84","84","378318","T301","B","0613P",,"K","O","333","Schermerhorn St",,"0","408","H1",,"YYYYYY","0800A","0700P","BLUE",,"2022","311077","0","03","38-Failure to Dsplay Meter Rec",,,,"2027"
"9294674587","KSF4360","NY","PAS","07/20/2026","38","4DSD","TOYOT","T","54580","14640","51590","20270918","107","107","107","367371","T402","F","0844A",,"Q","F","69-34","Main St",,"0","408","H1",,"YYYYYY","0730A","0700P","BLUE",,"2022","430774","0","42","38-Failure to Dsplay Meter Rec",,,,"2027"
"9294845357","133APB","NY","PAS","06/29/2026","38","4DSD","ME/BE","T","35330","13610","44990","20270101","20","20","20","376170","T103","C","0636P",,"NY","F","250","W 78th St",,"0","408","H1",,"YYYYYY","0900A","0700P","BLUE",,"2022","111502","0","CC2","38-Failure to Dsplay Meter Rec",,,,"2027"
"9294908800","MDW1578","NY","PAS","07/11/2026","71","SUBN","BMW","T","6630","5580","5680","20280328","78","78","78","361835","T302","B","1012A",,"K","F","236","15th St",,"0","408","J6",,"YYYYYYY",,,"BLUE",,"2022",,"0","26","71-Insp. Sticker Missing (NYS",,,,"2027"
"9294908811","MDW1578","NY","PAS","07/11/2026","38","SUBN","BMW","T","6630","5580","5680","20280326","78","78","78","361835","T302","B","1016A",,"K","F","223","15th St",,"0","408","H1",,"YYYYYY","0900A","0700P","BLUE",,"2022","338621","0","26","38-Failure to Dsplay Meter Rec",,,,"2027"
"9295014431","MET5119","NY","PAS","07/20/2026","19","SUBN","ME/BE","T","10640","9840","59990","20260803","108","108","108","372282","T401","C","0831A",,"Q","F","43-48","48th St",,"0","408","C3",,"YYYYYYY",,,"BLUE",,"2022",,"0","36-A","19-No Stand (bus stop)",,,,"2027"
"9295015642","KVH8938","NY","PAS","07/07/2026","70","4DSD","NS","T","42490","7490","7640","20260422","114","114","114","358212","T401","R","0431P",,"Q","O","27-19","Ditmars Blvd",,"0","408","J3",,"YYYYYYY",,,"BLUE",,"2022",,"0","35","70A-Reg. Sticker Expired (NYS)",,,,"2027"
"9295015654","KVH8938","NY","PAS","07/07/2026","74","4DSD","NS","T","42490","7490","7640","20260422","114","114","114","358212","T401","R","0433P",,"Q","O","27-19","Ditmars Blvd",,"0","408","J2",,"YYYYYYY",,,"BLUE",,"2022",,"0","35","74-Missing Display Plate",,,,"2027"
"9295071128","MBU7678","NY","PAS","07/09/2026","37","SUBN","ROLLS","T","23190","24790","26690","20271231","6","6","6","378787","T102","M","0110P","1158A","NY","O","430","Hudson St",,"0","408","H1",,"YYYYYY","0830A","0700P","BLUE",,"2022","106648","0","23","37-Expired Parking Meter",,,,"2027"
"9295071130","MBU7678","NY","PAS","07/09/2026","74","SUBN","ROLLS","T","23190","24790","26690","20271231","6","6","6","378787","T102","M","0111P",,"NY","O","430","Hudson St",,"0","408","J2",,"YYYYYYY",,,"BLUE",,"2022",,"0","23","74-Missing Display Plate",,,,"2027"
"9295072911","MBT2944","NY","PAS","07/17/2026","70","PICK","CHEVR","T","33990","33910","13310","20260223","6","6","6","378787","T102","M","1252P",,"NY","F","266","W 11th St",,"0","408","J3",,"YYYYYYY",,,"BLUE",,"2022",,"0","19","70A-Reg. Sticker Expired (NYS)",,,,"2027"
"9295083908","KVH8938","NY","PAS","07/21/2026","40","4DSD","KIA","T","26790","21690","13810","20280422","5","5","5","392550","T105","F","0147P",,"NY","O","164","Mott St",,"0","408","E2",,"YYYYYYY",,,"BLUE",,"2022",,"7","046","40-Fire Hydrant",,,,"2027"
"9295122010","59170NB","NY","COM","07/06/2026","69","VAN","FORD","T","34810","10410","10510","20261130","18","18","18","362201","T106","G","1119A",,"NY","F","51","W 52nd St",,"0","408","H1",,"YYYYY","0700A","0600P","BLUE",,"2022","105077","0","08","69-Fail to Dsp Prking Mtr Rcpt",,,,"2027"
"9295640792","MEW2511","NY","PAS","06/27/2026","38","4DSD","ME/BE","T","45590","18730","18750","20280325","19","19","19","378751","T103","E","1020A",,"NY","F","1661","York Ave",,"0","408","H1",,"YYYYYY","0830A","0700P","BLUE",,"2022","110847","0","07","38-Failure to Dsplay Meter Rec",,,,"2027"
"9295640809","MEW2511","NY","PAS","06/27/2026","87","4DSD","ME/BE","T","45590","18730","18750","20280325","19","19","19","378751","T103","E","1023A",,"NY","F","1661","York Ave",,"0","408","O3",,"YYYYYYY",,,"BLUE",,"2022",,"0","07","87-Fraudulent Permit Use",,,,"2027"
"9295960981","MET5119","NY","PAS","06/27/2026","40","SUBN","ME/BE","T","9530","5880","5980","20260803","72","72","72","361824","T302","A","0148P",,"K","F","801","59th St",,"0","408","E2",,"YYYYYYY",,,"BLUE",,"2022",,"0","22","40-Fire Hydrant",,,,"2027"
"9295963350","MET5119","NY","PAS","07/02/2026","21","SUBN","ME/BE","T","9530","5880","5980","20260803","66","66","66","361824","T302","A","1005A",,"K","F","812","59th St",,"0","408","D1",,"Y","0930A","1100A","BLUE",,"2022",,"0","22","21-No Parking (street clean)",,,,"2027"
"9296040190","KMY3106","NY","PAS","07/16/2026","38","4DSD","BMW","T","68290","12740","12940","20260827","108","108","108","370833","T401","G","1232P",,"Q","F","61-20","Woodside Ave",,"0","408","H1",,"YYYYYY","0900A","0700P","BLUE",,"2022","413393","0","41-P","38-Failure to Dsplay Meter Rec",,,,"2027"
"9296042549","HFY4815","NY","PAS","07/24/2026","38","4DSD","INFIN","T","61090","39595","57900","20280428","109","109","109","370833","T401","G","0919A",,"Q","F","133-15","Roosevelt Ave",,"0","408","H1",,"YYYYYY","0800A","0700P","BLUE",,"2022","444794","0","04","38-Failure to Dsplay Meter Rec",,,,"2027"
"9296121966","KVH8938","NY","PAS","07/21/2026","74","4DSD","NS","T","14010","20190","26790","20280422","5","5","5","366552","T105","H","0111P",,"NY","F","167","Canal St",,"0","408","J2",,"YYYYYYY",,,"BLUE",,"2022",,"0","071","74-Missing Display Plate",,,,"2027"
"9296180624","T768711C","NY","OMT","07/09/2026","21","SUBN","TOYOT","T","0","40404","40404","20270430","44","44","44","373176","T201","G","0817A",,"BX","F","185","McCllean Street",,"0","408","D1",,"Y  Y","0800A","0930A","BLUE",,"2022",,"0","26","21-No Parking (street clean)",,,,"2027"
"9296263025","MGK4606","NY","PAS","07/23/2026","17","SUBN","BMW","T","81330","51030","20530","20260810","84","84","84","375306","T301","Y","0318P",,"K","F","384","State St",,"0","408","C4",,"YYYYY","0700A","0700P","BLUE",,"2022",,"0","SPCL","17-No Stand (exc auth veh)",,,,"2027"
"9296346344","LBX6332","NY","PAS","07/16/2026","21","4DSD","TOYOT","T","23490","8440","8590","20260727","109","109","109","370778","T401","I","0912A",,"Q","O","34-01","153rd St",,"0","408","D1",,"Y","0900A","1030A","BLUE",,"2022",,"0","01-A","21-No Parking (street clean)",,,,"2027"
"9296540008","T672752C","NY","OMT","07/06/2026","21","SUBN","TOYOT","T","54050","40930","18950","20270630","63","63","63","356956","T302","J","1205P",,"K","O","3860","Kings Hwy",,"0","408","D1",,"Y","1100A","1230A","BLUE",,"2022",,"0","07","21-No Parking (street clean)",,,,"2027"
"9296601940","LVF3283","NY","PAS","07/27/2026","16","SUBN","MINI","T","28990","15740","15840","20270429","112","112","112","345435","T402","O","0125P",,"Q","F","75-40","Austin St",,"0","408","K2",,"YYYYY","0700A","0700P","BLUE",,"2022",,"0","08","16A-No Std (Com Veh) Non-COM",,,,"2027"
"9296624230","MEL8991","NY","PAS","07/20/2026","20","4DSD","ME/BE","T","17790","24440","24540","20260814","103","103","103","378688","T402","F","0429P",,"Q","F","168-42","88th Ave",,"0","408","D",,"YYYYYYY",,,"BLUE",,"2022",,"0","19","20A-No Parking (Non-COM)",,,,"2027"
"9297091647","KZD7009","NY","PAS","07/15/2026","14","PICK","RAM","T","10410","17750","17770","20261104","14","14","14","373656","T106","P","1013A",,"NY","F","431","5th Ave",,"0","408","C",,"YYYYYY","0700A","0700P","BLUE",,"2022",,"0","99","14-No Standing",,,,"2027"
"9297177773","MGN7788","NY","PAS","07/24/2026","38","4DSD","ME/BE","T","28290","77150","10620","20260821","49","49","49","373188","T201","O","0251P",,"BX","O","705","E 222nd St",,"0","408","H1",,"YYYYYY","0800A","0700P","BLUE",,"2022","215489","0","15","38-Failure to Dsplay Meter Rec",,,,"2027"
"9297268742","MEL8991","NY","PAS","07/25/2026","20","4DSD","ME/BE","T","24540","49690","17790","20260814","103","103","103","353179","T402","C","0741A",,"Q","F","87-87","169th St",,"0","408","D",,"YYYYYY","0700A","0700P","BLUE",,"2022",,"0","19","20A-No Parking (Non-COM)",,,,"2027"
"9297352765","KWX6311","NY","PAS","07/28/2026","70","SUBN","VOLKS","T","27790","18850","18870","20260725","19","19","19","392637","T103","PP","0136P",,"NY","F","1213","Park Ave",,"0","408","J3",,"YYYYYYY",,,"BLUE",,"2022",,"0","62","70A-Reg. Sticker Expired (NYS)",,,,"2027"
"9297756219","40060NF","NY","COM","07/20/2026","14","SUBN","NS","T","59590","8790","35780","20271031","109","109","109","368595","T401","H","0247P",,"Q","F","37-12","Prince St",,"0","408","C",,"YYYYYYY",,,"BLUE",,"2022",,"0","02","14-No Standing",,,,"2027"
"9297756220","40060NF","NY","COM","07/20/2026","74","SUBN","NS","T","59590","8790","35780","20271031","109","109","109","368595","T401","H","0248P",,"Q","F","37-12","Prince St",,"0","408","J2",,"YYYYYYY",,,"BLUE",,"2022",,"0","02","74-Missing Display Plate",,,,"2027"
"9297781585","353AF6","NY","MOT","07/24/2026","31","MCY","VESPA","T","34310","10510","10610","20270430","13","13","13","366497","T102","N","0115P",,"NY","F","112","W 27th St",,"0","408","L3",,"YYYYY","0800A","0600P","BLUE",,"2022",,"0","99","31-No Stand (Com. Mtr. Zone)",,,,"2027"
"9297877084","FSA8982","NY","PAS","07/21/2026","38","SUBN","VOLVO","T","35190","15710","13610","20280203","20","20","20","377487","T103","F","0257P",,"NY","F","154","W 71st St",,"0","408","H1",,"YYYYYY","0900A","0700P","BLUE",,"2022","113076","0","27","38-Failure to Dsplay Meter Rec",,,,"2027"
"9298007085","KVG3556","NY","PAS","07/19/2026","70","SUBN","VOLKS","T","87330","69230","63030","20260714","88","88","88","361102","T301","P","0919A",,"K","O","147","Vanderbilt Ave",,"0","408","J3",,"YYYYYYY",,,"BLUE",,"2022",,"0","06","70A-Reg. Sticker Expired (NYS)",,,,"2027"
"9298043466","KZD7009","NY","PAS","07/22/2026","21","PICK","RAM","T","56490","41690","46190","20261104","104","104","104","348578","T402","D","0739A",,"Q","F","60-71","Myrtle Ave",,"0","408","D1",,"YYYYYY","0730A","0800A","BLUE",,"2022",,"0","A","21-No Parking (street clean)",,,,"2027"
"9298064962","LVS6814","NY","PAS","07/27/2026","14","4DSD","BMW","T","57790","35780","57900","20270422","108","108","108","367894","T401","P","1150A",,"Q","F","29-22","Northern Blvd",,"0","408","C",,"YYYYYYY",,,"BLUE",,"2022",,"0","U","14-No Standing",,,,"2027"
"9298150465","GRM4124","NY","PAS","07/15/2026","38","SUBN","AUDI","T","25590","56890","78820","20280526","43","43","43","370800","T201","J","1252P",,"BX","F","1439","East Ave",,"0","408","H1",,"YYYYYY","0900A","0700P","BLUE",,"2022","222611","0","05","38-Failure to Dsplay Meter Rec",,,,"2027"
"9298320541","KVF9893","NY","PAS","07/18/2026","17","4DSD","TOYOT","T","17590","10010","20490","20280318","17","17","17","371749","T102","Q","0702A",,"NY","F","435","E 30th St",,"0","408","C4",,"YYYYYYY",,,"BLUE",,"2022",,"0","04","17-No Stand (exc auth veh)",,,,"2027"
"9298504603","LVG8226","NY","PAS","07/18/2026","20","SUBN","HONDA","T","9330","5130","10670","20270401","72","72","72","357713","T302","M","0935A",,"K","O","217","55th St",,"0","408","D",,"YYYYYYY",,,"BLUE",,"2022",,"0","Q","20A-No Parking (Non-COM)",,,,"2027"
"9298548849","MAR4911","NY","999","07/28/2026","74","2DSD","BMW","T","21690","52090","28990","20280202","102","102","102","363561","T402","D","0737A",,"Q","F","8417","126th St",,"0","408","J2",,"YYYYYYY",,,"BLUE",,"2022",,"0","34","74-Missing Display Plate",,,,"2027"
"9298736538","X3M","NY","SPO","07/25/2026","71","SUBN","BMW","T","5430","10780","10830","20270330","68","68","68","375357","T302","H","0936A",,"K","F","8402","4th Ave",,"0","408","J6",,"YYYYYYY",,,"BLUE",,"2022",,"0","15","71-Insp. Sticker Missing (NYS",,,,"2027"
"9298752027","44142NE","NY","COM","07/22/2026","14","VAN","NS","T","31530","20530","31945","20271031","84","84","84","361813","T301","Q","0603P",,"K","O","14","Dekalb Ave",,"0","408","C",,"YYYYYYY",,,"BLUE",,"2022",,"0","SPCL","14-No Standing",,,,"2027"
"9298896426","LJL9381","NY","PAS","07/28/2026","14","SUBN","TOYOT","T","67730","13830","29630","20280318","66","66","66","373246","MTTF","B","0224A",,"K","O","415","Ocean Pky",,"0","408","C",,"YYYYYYY",,,"BLUE",,"2022",,"0","02","14-No Standing",,,,"2027"
"9298965722","KLH1677","NY","PAS","07/16/2026","46","SUBN","HONDA","T","72230","23330","54070","20270328","71","71","71","346022","T302","D","0349P",,"K","O","1383","President St",,"0","408","F1",,"YYYYYYY",,,"BLUE",,"2022",,"0","C","46A-Double Parking (Non-COM)",,,,"2027"
"9299000682","X3M","NY","PAS","07/18/2026","74","SUBN","BMW","T","5430","10780","10830","20270330","68","68","68","370808","T302","K","1229P",,"K","F","8415","4th Ave",,"0","408","J2",,"YYYYYYY",,,"BLUE",,"2022",,"0","14","74-Missing Display Plate",,,,"2027"
"9299000694","X3M","NY","PAS","07/18/2026","71","SUBN","BMW","T","5430","10780","10830","20270330","68","68","68","370808","T302","K","1231P",,"K","F","8415","4th Ave",,"0","408","J6",,"YYYYYYY",,,"BLUE",,"2022",,"0","14","71-Insp. Sticker Missing (NYS",,,,"2027"
"9299005461","ZLL1212","NY","ITP","07/18/2026","51","4DSD","BMW","T","22250","50420","51770","20260808","60","60","60","361373","T302","V","0823A",,"K","F","24","Brighton 10th Ct",,"0","408","E3",,"YYYYYYY",,,"BLUE",,"2022",,"0","N","51-Sidewalk",,,,"2027"
"9299035933","67451NE","NY","COM","07/16/2026","21","VAN","NS","T","25040","49690","18140","20271130","103","103","103","354200","T402","H","1208P",,"Q","F","88-24","179th St",,"0","408","D1",,"Y","1130A","0100P","BLUE",,"2022",,"0","17","21-No Parking (street clean)",,,,"2027"
"9299880920","LJL8905","NY","PAS","07/21/2026","14","4DSD","BMW","T","8980","0","0","20260810","66","66","66","379649","T302","V","0943P",,"K","I","N","48th St","90ft E/of Fort Hamil","0","408","C",,"YYYYYYY",,,"BLUE",,"2022",,"0","E","14-No Standing",,,,"2027"
"9300200136","MCM2245","NY","PAS","07/21/2026","21","4DSD","BMW","T","57660","24040","24090","20271229","107","107","107","377492","T402","F","0859A",,"Q","F","160-11","Normal Rd",,"0","408","D1",,"Y","0830A","1000A","BLUE",,"2022",,"0","CC1","21-No Parking (street clean)",,,,"2027"
"9300200148","MCM2245","NY","PAS","07/21/2026","71","4DSD","BMW","T","57660","24040","24090","20271229","107","107","107","377492","T402","F","0900A",,"Q","F","160-11","Normal Rd",,"0","408","J6",,"YYYYYYY",,,"BLUE",,"2022",,"0","CC1","71-Insp. Sticker Missing (NYS",,,,"2027"
"9300240547","MET5119","NY","PAS","07/24/2026","38","SUBN","ME/BE","T","10640","9840","59990","20260803","108","108","108","372271","T401","C","0807A",,"Q","F","43-42","48th St",,"0","408","H1",,"YYYYYY","0800A","1000P","BLUE",,"2022","422592","0","52-A","38-Failure to Dsplay Meter Rec",,,,"2027"
"9300790330","COZYLM","NY","ORG","07/23/2026","74","2DSD","BMW","T","34050","10810","10910","20280506","6","6","6","363969","T102","L","0337P",,"NY","F","342","W 14th St",,"0","408","J2",,"YYYYYYY",,,"BLUE",,"2022",,"0","99","74A-Improperly Displayed Plate",,,,"2027"
"9300875437","KWX6311","NY","PAS","07/28/2026","70","SUBN","VOLKS","T","25390","18850","18870","20260725","19","19","19","392596","T103","S","0858A",,"NY","O","1350","Madison Ave",,"0","408","J3",,"YYYYYYY",,,"BLUE",,"2022",,"0","CC1","70A-Reg. Sticker Expired (NYS)",,,,"2027"
"9300875449","KWX6311","NY","PAS","07/28/2026","73","SUBN","VOLKS","T","25390","18850","18870","20260725","19","19","19","392596","T103","S","0901A",,"NY","O","1350","Madison Ave",,"0","408","J4",,"YYYYYYY",,,"BLUE",,"2022",,"0","CC1","73-Reg Stkr Mutilated",,,,"2027"
"9301065356","LSG6703","NY","PAS","07/28/2026","38","4DSD","ME/BE","T","35170","11710","44990","20261120","20","20","20","363970","T103","Q","0353P",,"NY","F","200","W 70th St",,"0","408","H1",,"YYYYYY","0900A","0700P","BLUE",,"2022","110744","0","33","38-Failure to Dsplay Meter Rec",,,,"2027"
"1416390753","RR7588","PA","PAS","07/28/2026","37","SUBN","ACURA","P","51090","23490","23650","88888888","103","103","103","0","EAST","0000","1241P",,"Q","O","153-01","JAMAICA AVE",,"0","408","C4",,"YYYYbbb","0700P","0700P","BLUE","0","2022","-","0",,,,,,"2027"
"1483944104","LVE7134","NY","PAS","07/17/2026","21","SUBN","HONDA","S","25890","78150","15720","20270226","40","40","40","975696","BX01","0000","1151A",,"BX","F","450","E 141 ST",,"0","408","D1",,"bYbbYbb","1130A","0130P","BLUE","0","2022","-","0",,,,,,"2027"
"1496225041","ZLA8904","NY","PAS","07/28/2026","17","SDN","MAZDA","O","65590","22140","0","88888888","102","102","102","102659","NYSJ","0000","0702A",,"Q",,,"UNION TPKE","134TH STREET","0","408","C",,"YYYYYbb","07 0A","0700P","BLUE","0","2022","-","0",,,,,,"2027"
"1498625095","KWP7313","NY","PAS","07/11/2026","63","SUBN","HYUND","K","13235","20490","0","20260719","110","110","110","160686","0003","0000","1042P",,"Q",,,"FMCP","111TH ST","0","408","F3",,"bbbbbbb","ALL","ALL","BLUE","0","2022","-","0",,,,,,"2027"
"1500598112","GXW9351","NY","PAS","07/26/2026","14","SUBN","BMW","P","17990","10110","10010","20270609","17","17","17","968507","0017","0000","0954A","0938A",,"F","323","E 50 STREET",,"0","408","C",,"bbbbbbb","ALL","ALL","BLUE","0","2022","-","0",,,,,,"2027"
"1500881650","LTE4059","NY","PAS","08/06/2026","48","SDN","NISSA","P","64230","90730","90780","20270311","60","60","60","967020","0060","0000","1226P",,"K","F","532","NEPTUNE AVENUE",,"0","408","F1",,"bbbbbbb","ALL","ALL","BLUE","0","2022","-","0",,,,,,"2027"
"1501119140","MOK9643","NY","PAS","07/05/2026","40","SUBN","TOYOT","K","0","25890","0","20280406","5","5","5","161510","0001","0000","0147P",,"NY","F",,"COLEMAN PLGND","MARKET ST","0","408","F7",,"bbbbbbb","ALL","ALL","BLUE","0","2022","-","0",,,,,,"2027"
"1501196352","T690868C","NY","COM","07/21/2026","51","TAXI","TOYOT","K","12480","63820","0","20280208","44","44","44","160489","0002","0000","0338P",,"BX","F",,"HIGHBRIDGE PARK","SEDGWICK AVE","0","408","E3",,"bbbbbbb","ALL","ALL","BLUE","0","2022","-","0",,,,,,"2027"
"1501621385","LWV6663","NY","PAS","08/06/2026","40","SDN","CHEVR","P","8190","18390","18490","20270807","115","115","115","953547","0115","0000","0415A",,,"F","91-19","32 AVE",,"0","408","99",,"bbbbbbb","ALL","ALL","BLUE","0","2022","-","0",,,,,,"2027"
"1501791011","Z65VPE","NJ","PAS","07/22/2026","98","SDN","HONDA","P","73470","40404","40404","88888888","69","69","69","981488","0069","0000","0807A","0807A","K","F","1714","ROCKAWAY AVE",,"0","408","J3",,"bbbbbbb","ALL","ALL","BLUE","0","2022","-","0",,,,,,"2027"
"1502167633","JEF5383","NY","PAS","07/21/2026","20","SUBN","BMW","Y","57720","70635","70635","20270214","49","49","49","102212","0976","0000","1100A",,"BX","F","1400","PELHAM PKWY",,"0","408","D",,"bbbbbbb","ALL","ALL","BLUE","0","2022","-","0",,,,,,"2027"
"1502776285","1XH346","RI","PAS","07/22/2026","14","SUBN","BUICK","P","87230","70030","23230","20270131","81","81","81","981834","0081","0000","0922A",,"K","F","535","VAN BUREN",,"0","408","D1",,"YYYYYYY","ALL","ALL","BLUE","0","2022","-","0",,,,,,"2027"
"1503042042","LKG9127","NY","PAS","05/11/2026","68","SDN","HONDA","P","69230","67030","58730","20280316","79","79","79","981167","0079","0000","0130A","0135A","K","F","564","PARK AVE",,"0","408","F7",,"bbbbbbb","ALL","ALL","BLUE","0","2022","-","0",,,,,,"2027"
"1503056200","JMR2036","NY","PAS","07/31/2026","40","SDN","BMW","P","89530","5280","5430","20271031","83","83","83","975663","0083","0000","1053P",,"K","F","559","WARREN ST",,"0","408","F2",,"bbbbbbb","ALL","ALL","BLUE","0","2022","-","0",,,,,,"2027"
"1503125555","MBH3175","PA","PAS","08/14/2026","46","SDN","TESLA","P","59790","50990","41700","20260801","108","108","108","981099","0108","0000","0539P","0530P","Q","F","44-41","PURVES ST",,"0","408","F1",,"bbbbbbb","ALL","ALL","BLUE","0","2022","-","0",,,,,,"2027"
"1503125580","KVV6698","NY","OMT","08/14/2026","14","SDN","ME/BE","P","10790","14440","14690","20280509","108","108","108","981099","0108","0000","0644P","0640P","Q","F","68-19","50TH AVE",,"20260814","408","C",,"bbbbbbb","ALL","ALL","BLUE","0","2022","-","0",,,,,,"2027"
"1503126031","MCM2245","NY","PAS","07/19/2026","40","SDN","BMW","P","10890","5055","5190","20271229","108","108","108","970606","0108","0000","0950A",,"Q","F","2-28","51 AVE",,"0","408","99",,"bbbbbbb","ALL","ALL","BLUE","0","2022","-","0",,,,,,"2027"
"1503736544","LWB9958","NY","PAS","08/14/2026","53","SDN","SUBAR","C","18340","21135","12550","20270606","45","45","45","100580","CCPD","0000","1045P","1045P",,"F","100","CARVER LOOP",,"0","408","F1",,"bbbbbbb","ALL","ALL","BLUE","0","2022","-","0",,,,,,"2027"
"1503747566","MCN5298","NY","PAS","07/18/2026","40","SDN","BMW","C","0","40404","40404","20280225","45","45","45","100638","COOP","0000","0253A",,"BX",,"140","BELLAMY PL",,"0","408","F1",,"bbbbbbb","ALL","ALL","BLUE","0","2022","-","0",,,,,,"2027"
"1503751170","LUW7405","NY","PAS","07/24/2026","46","SUBN","MAZDA","C","24050","24980","23800","20270424","45","45","45","100084","CCPD","0000","0732P",,"BX","F","140","DE KRUIF PL",,"0","408","F1",,"bbbbbbb","ALL","ALL","BLUE","0","2022","-","0",,,,,,"2027"
"1503751790","KZD7127","NY","PAS","08/07/2026","46","SUBN","TOYOT","C","23380","23800","11620","20261111","45","45","45","100640","CCPD","0000","0846P",,"BX","F","140","DARROW PL",,"0","408","F1",,"bbbbbbb","ALL","ALL","BLUE","0","2022","-","0",,,,,,"2027"
"1504120050","LVU4993","NY","PAS","08/08/2026","14","SUBN","HONDA","P","73375","45130","65830","20270504","90","90","90","941927","0090","0000","1016P",,"K","F","15","RIVER STREET",,"0","408","C",,"bbbbbbb","ALL","ALL","BLUE","0","2022","-","0",,,,,,"2027"
"1504260181","LTV5066","NY","PAS","08/16/2026","14","SUBN","HYUND","8","70520","50770","45330","20270112","43","43","43","476","0000","0000","0148A",,"BX","F","1575","UNIONPORT RD",,"0","408","C3",,"bbbbbbb","ALL","ALL","BLUE","0","2022","-","0",,,,,,"2027"
"1504273989","LUS1639","NY","PAS","08/11/2026","67","SDN","TOYOT","A","0","0","0","20270831","113","113","113","55444","0642","0000","0101A",,,"F",,"TERMINAL 4","BLUE GARAGE","0","408","C",,"bbbbbbb","ALL","ALL","BLUE","0","2022","-","0",,,,,,"2027"
"1504594885","LWU6209","NY","PAS","07/23/2026","98","SUBN","ME/BE","P","18840","51010","7240","20270630","115","115","115","971781","0115","0000","0918P",,"Q","F","24-59","95 STREET",,"0","408","C",,"bbbbbbb","ALL","ALL","BLUE","0","2022","-","0",,,,,,"2027"
"1504980013","LHT4349","NY","PAS","08/12/2026","14","P/U","FORD","L","12310","17310","10555","20280410","13","13","13","111191","0839","0000","0853A","0853A","NY","F","277","AVENUE C",,"0","408","C",,"bbbbbbb","ALL","ALL","BLUE","0","2022","-","0",,,,,,"2027"
"1504983488","HTM8775","NY","PAS","08/13/2026","21","SUBN","AUDI","L","17270","12110","12210","20270927","13","13","13","111145","0839","0000","1140A",,"NY","O","525","EAST 14TH STREET",,"0","408","D1",,"bbbYbbb","1100A","1230P","BLUE","0","2022","-","0",,,,,,"2027"
"1505715106","AMICUTE","NY","PAS","08/12/2026","46","SUBN","TOYOT","P","29690","35210","35230","20261231","20","20","20","974389","0020","0000","0800P",,"NY","F","5","RIVERSIDE DRIVE",,"0","408","C3",,"bbbbbbb","ALL","ALL","BLUE","0","2022","-","0",,,,,,"2027"
"1506054407","LVU9931","NY","PAS","07/28/2026","40","SDN","BMW","P","40420","73220","44820","20270610","45","45","45","967248","0045","0000","1146A",,"BX","F","1321","HOLLYWOOD AVE",,"0","408","J3",,"bbbbbbb","ALL","ALL","BLUE","0","2022","-","0",,,,,,"2027"
"1506080480","GFC9222","MD","PAS","07/25/2026","46","SUBN","HONDA","P","14220","15920","73420","20250102","43","43","43","982440","0043","0000","1103P",,"BX","F","1057","BOYNTON AVE",,"0","408","E2",,"bbbbbbb","ALL","ALL","BLUE","0","2022","-","0",,,,,,"2027"
"1506128415","MDU3597","NY","PAS","08/09/2026","19","SUBN","ME/BE","P","52120","26850","26880","20280615","44","44","44","983346","0044","0000","0152","0147A",,"F","1704","MORRIS AVE",,"0","408","C",,"bbbbbbb","ALL","ALL","BLUE","0","2022","-","0",,,,,,"2027"
"1506190388","LRJ9648","NY","PAS","07/12/2026","9","SUBN","MAZDA","K","12665","0","0","20261014","114","114","114","160638","0003","0000","0630P",,"Q",,,"ASTORIA PK","PARKING LOT","0","408","E1",,"bbbbbbb","ALL","ALL","BLUE","0","2022","-","0",,,,,,"2027"
"1506211999","GORJAS","NY","SRF","08/01/2026","10","SUBN","HYUND","K","22320","22425","0","20280405","42","42","42","161451","0002","0000","0755P",,"BX",,,"CROTONA AVE","CROTONA PARK","0","408","B",,"bbbbbbb","ALL","ALL","BLUE","0","2022","-","0",,,,,,"2027"
"1506845241","MDJ5800","NY","PAS","07/26/2026","14",,"MASE","P","54580","40404","40404","20280208","109","109","109","967718","0109","0000","0418A",,"Q","F","30-57","MAIN ST",,"0","408","E5",,"bbbbbbb","ALL","ALL","BLUE","0","2022","-","0",,,,,,"2027"
"4054097674","SLB5998","GA","PAS","07/31/2026","5","MP","Mazda","V","0","0","0","0",,"0","0","0",,,"0513P",,"QN",,,"EB JAMAICA AVE @ MER","RICK BLVD","0","1111","C","T",,,,"BLUE",,"2022",,"0",,"BUS LANE VIOLATION",,,,"2027"
"4996753791","SJZ1673","GA","PAS","07/27/2026","36","4S","Hyund","V","0","0","0","0",,"0","0","0",,,"1016A",,"BK",,,"NB OCEAN PKWY @ BEVE","RLEY RD","0","1180","B","T",,,,"BLUE",,"2022",,"0",,"PHTO SCHOOL ZN SPEED VIOLATION",,,,"2027"
"4997065584","SLB5998","GA","PAS","07/31/2026","36","MP","Mazda","V","0","0","0","0",,"0","0","0",,,"1037A",,"QN",,,"WB LINDEN BLVD @ AMB","ER ST","0","1180","B","T",,,,"BLUE",,"2022",,"0",,"PHTO SCHOOL ZN SPEED VIOLATION",,,,"2027"
"4998586543","SLB5998","GA","PAS","08/13/2026","36","MP","Mazda","V","0","0","0","0",,"0","0","0",,,"0157P",,"QN",,,"WB N CONDUIT AVE @ 8","8TH ST","0","1180","B","T",,,,"BLUE",,"2022",,"0",,"PHTO SCHOOL ZN SPEED VIOLATION",,,,"2027"
"4998953680","SINNA","KS","PAS","08/15/2026","36","4D","KIA","V","0","0","0","0",,"0","0","0",,,"1020P",,"QN",,,"WB MERRICK BLVD @ 21","8TH ST","0","1180","B","T",,,,"BLUE",,"2022",,"0",,"PHTO SCHOOL ZN SPEED VIOLATION",,,,"2027"
"5152961490","CTM3805","GA","PAS","07/21/2026","7","4S","Toyot","V","0","0","0","0",,"0","0","0",,,"1025A",,"BK",,,"CLASSON AVE (N/B) @","FLUSHING AVE","0","1111","D","T",,,,"BLUE",,"2022",,"0",,"FAILURE TO STOP AT RED LIGHT",,,,"2027"
"5609185063","EDY550","MT","PAS","06/22/2026","12","LIGH","RAM T","M","0","0","0","0",,"0","0","0",,,"0452P",,"BK",,,"WB Livingston St @ S","mith St","0","1111","C1","T",,,,"BLUE",,"2022",,"0",,"MOBILE BUS LANE VIOLATION",,,,"2027"
"5710556051","SLB5998","GA","PAS","05/31/2026","15","MP","Mazda","M","0","0","0","0",,"0","0","0",,,"0928A",,"BK",,,"SB Nostrand Ave @ Av","enue W","0","408","F1","T",,,,"BLUE",,"2022",,"0",,"MTA CAMERA DOUBLE PARKING",,,,"2027"
"5710575951","SINNA","KS","PAS","06/02/2026","15","4D","KIA","M","0","0","0","0",,"0","0","0",,,"1015A",,"QN",,,"SB Merrick Blvd @ Sp","ringfield Blvd","0","408","F1","T",,,,"BLUE",,"2022",,"0",,"MTA CAMERA DOUBLE PARKING",,,,"2027"
"5810442298","CTM3805","GA","PAS","05/19/2026","43","4S","Toyot","M","0","0","0","0",,"0","0","0",,,"0246P",,"BK",,,"EB Church Ave @ New","York Ave","0","408","C3","T",,,,"BLUE",,"2022",,"0",,"MTA CAMERA BUS STOP",,,,"2027"
"5810461359","CTM3805","GA","PAS","05/21/2026","43","4S","Toyot","M","0","0","0","0",,"0","0","0",,,"1106A",,"BK",,,"NB Flatbush Ave @ Pl","aza St E","0","408","C3","T",,,,"BLUE",,"2022",,"0",,"MTA CAMERA BUS STOP",,,,"2027"
"5810547898","CTM3805","GA","PAS","05/25/2026","43","4S","Toyot","M","0","0","0","0",,"0","0","0",,,"1212P",,"BK",,,"SB Flatbush Ave @ St","erling Pl","0","408","C3","T",,,,"BLUE",,"2022",,"0",,"MTA CAMERA BUS STOP",,,,"2027"
"5810594797","CTM3805","GA","PAS","05/27/2026","43","4S","Toyot","M","0","0","0","0",,"0","0","0",,,"0802P",,"BK",,,"NB Flatbush Ave @ Pl","aza St E","0","408","C3","T",,,,"BLUE",,"2022",,"0",,"MTA CAMERA BUS STOP",,,,"2027"
"5810663783","CTM3805","GA","PAS","06/01/2026","43","4S","Toyot","M","0","0","0","0",,"0","0","0",,,"1122A",,"BK",,,"NB Flatbush Ave @ Pl","aza St E","0","408","C3","T",,,,"BLUE",,"2022",,"0",,"MTA CAMERA BUS STOP",,,,"2027"
"5810728212","CTM3805","GA","PAS","06/03/2026","43","4S","Toyot","M","0","0","0","0",,"0","0","0",,,"0921P",,"BK",,,"SB Flatbush Ave @ St","erling Pl","0","408","C3","T",,,,"BLUE",,"2022",,"0",,"MTA CAMERA BUS STOP",,,,"2027"
"5810816344","CTM3805","GA","PAS","06/08/2026","43","4S","Toyot","M","0","0","0","0",,"0","0","0",,,"1154A",,"BK",,,"NB Flatbush Ave @ Pl","aza St E","0","408","C3","T",,,,"BLUE",,"2022",,"0",,"MTA CAMERA BUS STOP",,,,"2027"
"5810903812","ZMY081","GA","PAS","06/14/2026","43","MP","BMW","M","0","0","0","0",,"0","0","0",,,"0649P",,"QN",,,"SB Cross Bronx Svc R","d S @ Haviland Ave","0","408","C3","T",,,,"BLUE",,"2022",,"0",,"MTA CAMERA BUS STOP",,,,"2027"
"5811029834","SLB5998","GA","PAS","06/23/2026","43","MP","Mazda","M","0","0","0","0",,"0","0","0",,,"1134A",,,,,"WB E Fordham Rd @ Va","lentine Ave","0","408","C3","T",,,,"BLUE",,"2022",,"0",,"MTA CAMERA BUS STOP",,,,"2027"
"5811046881","CTM3805","GA","PAS","06/25/2026","43","4S","Toyot","M","0","0","0","0",,"0","0","0",,,"1150A",,"BK",,,"NB Flatbush Ave @ Pl","aza St E","0","408","C3","T",,,,"BLUE",,"2022",,"0",,"MTA CAMERA BUS STOP",,,,"2027"
"6400153445","KRZ6800","OH","PAS","08/23/2026","36","TK","CHEVR","V","0","0","0","0",,"0","0","0",,,"0658A",,"BX",,,"EB E 149TH ST @ COUR","TLANDT AVE","0","1180","B","T",,,,"BLUE",,"2022",,"0",,"PHTO SCHOOL ZN SPEED VIOLATION",,,,"2027"
"6400396020","7AF1566","MT","PAS","08/25/2026","36","LIGH","ME/BE","V","0","0","0","0",,"0","0","0",,,"1253A",,"BK",,,"NB ALBANY AVE @ LENO","X RD","0","1180","B","T",,,,"BLUE",,"2022",,"0",,"PHTO SCHOOL ZN SPEED VIOLATION",,,,"2027"
"6400465479","SMY1891","GA","PAS","08/25/2026","36","4S","Chevr","V","0","0","0","0",,"0","0","0",,,"0815A",,"BX",,,"SB SOUTHERN BLVD @ E","FORDHAM RD","0","1180","B","T",,,,"BLUE",,"2022",,"0",,"PHTO SCHOOL ZN SPEED VIOLATION",,,,"2027"
"6400608310","SNI4108","GA","PAS","08/26/2026","36","MP","Toyot","V","0","40404","40404","0",,"0","0","0",,,"0507P",,"BK",,,"NB KINGS HWY @ AVE I",,"0","1180","B","T",,,,"BLUE",,"2022",,"0",,"PHTO SCHOOL ZN SPEED VIOLATION",,,,"2027"
"8920650044","LTZ2738","NY","PAS","07/31/2026","74","4DSD","BMW","T","21705","21700","24390","20270311","9","9","9","394010","T105","T","0501P",,"NY","F","5","Great Jones St",,"0","408","J2",,"YYYYYYY",,,"BLUE",,"2022",,"0","080","74-Missing Display Plate",,,,"2027"
"8970115730","AMT9095","NY","PAS","08/06/2026","14","4DSD","HONDA","T","36420","12220","27660","20270629","52","52","52","353049","T720","C","0734A",,"BX","O","2960","Grand Concourse",,"0","408","C",,"YYYYYYY",,,"BLUE",,"2022",,"0","B","14-No Standing",,,,"2027"
"8986409434","MAD1559","NY","PAS","07/30/2026","14","4DSD","HONDA","T","16740","0","0","20270922","115","115","115","341161","T740","C","0657A",,"Q","I","E","81st St","5ft N/of 31st Ave","0","408","C",,"YYYYYYY",,,"BLUE",,"2022",,"0","01","14-No Standing",,,,"2027"
"8998257075","MEK4375","NY","PAS","08/26/2026","74","4DSD","CHEVR","T","52930","0","0","20280531","84","84","84","377493","T730","H","0244P",,"K","I","S","Jay St","75ft W/of Bridge St","0","408","J2",,"YYYYYYY",,,"BLUE",,"2022",,"0","01","74-Missing Display Plate",,,,"2027"
"8998257087","MEK4375","NY","PAS","08/26/2026","71","4DSD","CHEVR","T","52930","0","0","20280531","84","84","84","377493","T730","H","0251P",,"K","I","S","Jay St","75ft W/of Bridge St","0","408","J6",,"YYYYYYY",,,"BLUE",,"2022",,"0","01","71-Insp. Sticker Missing (NYS",,,,"2027"
"9050653080","MDJ8118","NY","PAS","08/22/2026","70","SUBN","FORD","T","25860","78150","15720","20260517","40","40","40","393980","T201","O","0926A",,"BX","F","455","E 140th St",,"0","408","J3",,"YYYYYYY",,,"BLUE",,"2022",,"0","30","70A-Reg. Sticker Expired (NYS)",,,,"2027"
"9136057861","JJG4759","NY","PAS","08/05/2026","21","SUBN","VOLVO","T","10010","17350","17370","20270528","13","13","13","378786","T102","I","0815A",,"NY","F","312","1st Ave",,"0","408","D1",,"YYYYYY","0800A","0830A","BLUE",,"2022",,"0","20","21-No Parking (street clean)",,,,"2027"
"9261534661","LBX6332","NY","PAS","07/31/2026","70","SUBN","TOYOT","T","8340","56390","23490","20260727","109","109","109","331844","T401","R","1258P",,"Q","F","151-15","33rd Rd",,"0","408","J3",,"YYYYYYY",,,"BLUE",,"2022",,"0","52-P","70A-Reg. Sticker Expired (NYS)",,,,"2027"
"9287518075","748AX6","NY","MOT","08/01/2026","70","MOPD","YAMAH","T","89730","69230","63030","20260430","84","84","84","343455","T501","A","1139A",,"K","F","154","Washington Ave",,"0","408","J3",,"YYYYYYY",,,"BLUE",,"2022",,"0","CU","70A-Reg. Sticker Expired (NYS)",,,,"2027"
"9287519195","KKA6399","NY","PAS","08/18/2026","17","SUBN","ACURA","T","34490","0","0","20270319","10","10","10","343455","T501","A","0724A",,"NY","I","S","W 36th St","130ft E/of 11th Ave","0","408","C4",,"YYYYYYY",,,"BLUE",,"2022",,"0","CU","17-No Stand (exc auth veh)",,,,"2027"
"9293794718","LNP1607","NY","PAS","08/02/2026","20","4DSD","HONDA","T","72720","27180","29220","20260927","52","52","52","392535","T201","M","1107A",,"BX","F","2430","Walton Ave",,"0","408","D",,"YYYYYYY",,,"BLUE",,"2022",,"0","02","20A-No Parking (Non-COM)",,,,"2027"
"9296048242","99061ND","NY","COM","08/10/2026","14","VAN","NS","T","59590","35780","8990","88888888","109","109","109","368572","T401","H","0307P",,"Q","F","37-20","Prince St",,"0","408","C",,"YYYYYYY",,,"BLUE",,"2022",,"0","02","14-No Standing",,,,"2027"
"9296048254","99061ND","NY","COM","08/10/2026","73","VAN","NS","T","59590","35780","8990","88888888","109","109","109","368572","T401","H","0309P",,"Q","F","37-20","Prince St",,"0","408","J4",,"YYYYYYY",,,"BLUE",,"2022",,"0","02","73-Reg Stkr Mutilated",,,,"2027"
"9296064338","MET5119","NY","PAS","07/31/2026","20","SUBN","ME/BE","T","9540","39595","54580","20260803","109","109","109","341921","T401","K","0604A",,"Q","F","132-15","41st Ave",,"0","408","D",,"YYYYYYY",,,"BLUE",,"2022",,"0","Z","20A-No Parking (Non-COM)",,,,"2027"
"9298598518","MET5119","NY","PAS","07/29/2026","14","SUBN","ME/BE","T","54580","57790","8790","20260803","109","109","109","363973","T401","D","0544P",,"Q","F","36-56","Main St",,"0","408","C",,"YYYYYYY",,,"BLUE",,"2022",,"0","51-A","14-No Standing",,,,"2027"
"9298602364","LRU6694","NY","PAS","08/07/2026","21","4DSD","HONDA","T","38990","0","0","20270213","109","109","109","376130","T401","I","0923A",,"Q","I","S","Cherry Ave","60ft W/of Colden St","0","408","D1",,"Y","0900A","1030A","BLUE",,"2022",,"0","05-A","21-No Parking (street clean)",,,,"2027"
"9298818610","MET5119","NY","PAS","08/04/2026","40","SUBN","ME/BE","T","9540","39595","54580","20260803","109","109","109","358573","T401","D","0841A",,"Q","F","132-35","41st Ave",,"0","408","E2",,"YYYYYYY",,,"BLUE",,"2022",,"1","01","40-Fire Hydrant",,,,"2027"
"9298818622","MET5119","NY","PAS","08/04/2026","70","SUBN","ME/BE","T","9540","39595","54580","20260803","109","109","109","358573","T401","D","0842A",,"Q","F","132-35","41st Ave",,"0","408","J3",,"YYYYYYY",,,"BLUE",,"2022",,"0","01","70A-Reg. Sticker Expired (NYS)",,,,"2027"
"9298972120","LJL8905","NY","PAS","07/29/2026","71","4DSD","BMW","T","35430","41730","31540","20260810","70","70","70","362170","T302","B","0926A",,"K","F","663","Rugby Rd",,"0","408","J6",,"YYYYYYY",,,"BLUE",,"2022",,"0","15","71A-Insp Sticker Expired (NYS)",,,,"2027"
"9298999720","X3M","NY","PAS","08/26/2026","38","SUBN","BMW","T","10830","5280","5430","20270330","68","68","68","372297","T302","J","0140P",,"K","F","373","85th St",,"0","408","H1",,"YYYYYY","0830A","0700P","BLUE",,"2022","303826","0","14","38-Failure to Dsplay Meter Rec",,,,"2027"
"9298999732","X3M","NY","PAS","08/26/2026","74","SUBN","BMW","T","10830","5280","5430","20270330","68","68","68","372297","T302","J","0141P",,"K","F","373","85th St",,"0","408","J2",,"YYYYYYY",,,"BLUE",,"2022",,"0","14","74-Missing Display Plate",,,,"2027"
"9299031629","MGN9546","NY","PAS","08/04/2026","16","4DSD","TESLA","T","49690","24490","24440","20260912","107","107","107","378749","T402","F","1149A",,"Q","F","168-05","Hillside Ave",,"0","408","K2",,"YYYYY","0700A","0400P","BLUE",,"2022",,"0","17","16A-No Std (Com Veh) Non-COM",,,,"2027"
"9299047960","40060NF","NY","COM","08/07/2026","14","VAN","NS","T","9140","35780","22590","20271031","109","109","109","354002","T401","G","0450P",,"Q","O","136-12","39th Ave",,"0","408","C",,"YYYYYY","0400P","0700P","BLUE",,"2022",,"0","01","14-No Standing",,,,"2027"
"9299347463","MET5119","NY","PAS","08/05/2026","20","DUMP","ME/BE","T","9590","39595","45790","20260803","109","109","109","365370","T401","I","0809A",,"Q","F","132-22","41st Rd",,"0","408","D",,"YYYYYY","0800A","0600P","BLUE",,"2022",,"0","05","20A-No Parking (Non-COM)",,,,"2027"
"9299347475","MET5119","NY","PAS","08/05/2026","70","DUMP","ME/BE","T","9590","39595","45790","20260803","109","109","109","365370","T401","I","0810A",,"Q","F","132-22","41st Rd",,"0","408","J3",,"YYYYYYY",,,"BLUE",,"2022",,"0","05","70A-Reg. Sticker Expired (NYS)",,,,"2027"
"9299361551","HKM5688","NY","PAS","08/03/2026","21","SUBN","FORD","T","7040","7050","7090","20261003","114","114","114","345381","T401","M","1004A",,"Q","F","23-90","23rd St",,"0","408","D1",,"Y","0930A","1100A","BLUE",,"2022",,"0","G","21-No Parking (street clean)",,,,"2027"
"9299498003","LJL8905","NY","PAS","07/31/2026","71","4DSD","BMW","T","35380","65030","41730","20260810","70","70","70","371770","T302","C","1247P",,"K","O","649","Argyle Rd",,"0","408","J6",,"YYYYYYY",,,"BLUE",,"2022",,"0","10","71A-Insp Sticker Expired (NYS)",,,,"2027"
"9299588521","LFR4416","NY","PAS","08/06/2026","37","4DSD","SUBAR","T","58190","60530","75730","20271017","104","104","104","392679","T401","O","0200P","0126P","Q","F","57-45","Onderdonk Ave",,"0","408","H1",,"YYYYYY","0800A","0700P","BLUE",,"2022","400886","0","52-P","37-Expired Parking Meter",,,,"2027"
"9299783974","KYD2630","NY","PAS","08/01/2026","71","4DSD","TOYOT","T","11710","34990","35010","20280626","20","20","20","372252","T103","D","0318P",,"NY","F","40","Amsterdam Ave",,"0","408","J6",,"YYYYYYY",,,"BLUE",,"2022",,"0","15","71A-Insp Sticker Expired (NYS)",,,,"2027"
"9299953983","MET5119","NY","PAS","08/06/2026","70","SUBN","ME/BE","T","9840","10640","10740","20260803","108","108","108","372282","T401","C","0927A",,"Q","F","48-01","43rd Ave",,"0","408","J3",,"YYYYYYY",,,"BLUE",,"2022",,"0","42-A","70A-Reg. Sticker Expired (NYS)",,,,"2027"
"9299953995","MET5119","NY","PAS","08/06/2026","21","SUBN","ME/BE","T","9840","10640","10740","20260803","108","108","108","372282","T401","C","0930A",,"Q","F","48-01","43rd Ave",,"0","408","D1",,"Y","0900A","1030A","BLUE",,"2022",,"0","42-A","21-No Parking (street clean)",,,,"2027"
"9300054879","86264","NY","MED","08/18/2026","38","SUBN","ME/BE","T","45590","18690","18710","20270227","19","19","19","356262","T103","K","0524P",,"NY","F","1619","York Ave",,"0","408","H1",,"YYYYYY","0830A","0700P","BLUE",,"2022","113847","0","62","38-Failure to Dsplay Meter Rec",,,,"2027"
"9300259465","MGN9627","NY","PAS","08/17/2026","37","4DSD","TESLA","T","10210","17170","17190","20260918","9","9","9","379437","T102","F","0341P","0334P","NY","F","36","3rd Ave",,"0","408","H1",,"YYYYYY","0800A","0700P","BLUE",,"2022","105665","0","99","37-Expired Parking Meter",,,,"2027"
"9300349533","LRA9197","NY","PAS","08/06/2026","38","SUBN","HONDA","T","10410","19010","19030","20261115","23","23","23","378751","T103","E","0322P",,"NY","F","1215","5th Ave",,"0","408","H1",,"YYYYYY","0800A","0700P","BLUE",,"2022","110689","0","CC1","38-Failure to Dsplay Meter Rec",,,,"2027"
"9300457731","LAH5186","NY","PAS","08/14/2026","14","4DSD","HONDA","T","17190","0","0","20270916","102","102","102","340127","T402","Y","0604A",,"Q","I","N","85th Ave","10ft E/of 124th St","0","408","C",,"YYYYYYY",,,"BLUE",,"2022",,"0","T","14-No Standing",,,,"2027"
"9300457743","LAH5186","NY","PAS","08/14/2026","74","4DSD","HONDA","T","17190","0","0","20270916","102","102","102","340127","T402","Y","0605A",,"Q","I","N","85th Ave","10ft E/of 124th St","0","408","J2",,"YYYYYYY",,,"BLUE",,"2022",,"0","T","74-Missing Display Plate",,,,"2027"
"9300507965","KVH8938","NY","PAS","08/03/2026","71","4DSD","NS","T","42490","7640","7740","20280422","114","114","114","357800","T401","G","0420P",,"Q","F","28-08","Ditmars Blvd",,"0","408","J6",,"YYYYYYY",,,"BLUE",,"2022",,"0","34-P","71A-Insp Sticker Expired (NYS)",,,,"2027"
"9300559709","LWH2016","NY","PAS","08/21/2026","74","SUBN","BMW","T","26390","97950","28790","20270830","5","5","5","378307","T105","N","0123P",,"NY","O","73","Monroe St",,"0","408","J2",,"YYYYYYY",,,"BLUE",,"2022",,"0","U","74-Missing Display Plate",,,,"2027"
"9300574322","EPS8780","NY","PAS","08/14/2026","51","SUBN","TESLA","T","5540","8790","8990","20270319","114","114","114","362166","T106","C","0151P",,"Q","F","37-29","9th St",,"0","408","E3",,"YYYYYYY",,,"BLUE",,"2022",,"0","99","51-Sidewalk",,,,"2027"
"9300574334","EPS8780","NY","PAS","08/14/2026","74","SUBN","TESLA","T","5540","8790","8990","20270319","114","114","114","362166","T106","C","0153P",,"Q","F","37-29","9th St",,"0","408","J2",,"YYYYYYY",,,"BLUE",,"2022",,"0","99","74-Missing Display Plate",,,,"2027"
"9300589532","KYD2630","NY","PAS","08/10/2026","31","4DSD","TOYOT","T","34530","10810","10910","20280626","17","17","17","351949","T106","J","0615P",,"NY","F","307","W 38th St",,"0","408","L3",,"YYYYYY","0600A","0700P","BLUE",,"2022",,"0","08","31-No Stand (Com. Mtr. Zone)",,,,"2027"
"9300935859","MEK8370","NY","PAS","08/05/2026","40","4DSD","HONDA","T","32790","73310","26030","20260915","75","75","75","356185","T301","C","1046A",,"K","F","87","Dinsmore Pl",,"0","408","E2",,"YYYYYYY",,,"BLUE",,"2022",,"0","M","40-Fire Hydrant",,,,"2027"
"9301398606","MET5119","NY","PAS","08/14/2026","21","SUBN","ME/BE","T","10640","62590","9840","20260803","108","108","108","369587","T401","D","0936A",,"Q","F","41-49","48th St",,"0","408","D1",,"Y","0900A","1030A","BLUE",,"2022",,"0","36-A","21-No Parking (street clean)",,,,"2027"
"9301850059","59170NB","NY","COM","08/05/2026","16","VAN","FORD","T","35070","14510","15710","20261130","20","20","20","365935","T103","HH","1012A","0911A","NY","F","35","W 65th St",,"20260805","408","K2",,"YYYYYYY",,,"BLUE",,"2022",,"0","CC2","16-No Std (Com Veh) Com Plate",,,,"2027"
"9301926775","HFD5070","NY","PAS","07/30/2026","21","PICK","TOYOT","T","59730","59725","76110","88888888","90","90","90","347663","T301","D","1011A",,"K","F","279","McKibbin St",,"0","408","D1",,"Y  Y","0930A","1100A","BLUE",,"2022",,"0","U","21-No Parking (street clean)",,,,"2027"
"9301991172","54088NB","NY","COM","08/05/2026","78","VAN","ME/BE","T","10790","5055","5190","20280531","108","108","108","392633","T803","BB","0959P",,"Q","F","2-26","50th Ave",,"0","408","K6",,"YYYYYYY","0900P","0500A","BLUE",,"2022",,"0","P","78-Nighttime PKG on Res Street",,,,"2027"
"9301991184","54088NB","NY","COM","08/05/2026","71","VAN","ME/BE","T","10790","5055","5190","20280531","108","108","108","392633","T803","BB","1001P",,"Q","F","2-26","50th Ave",,"0","408","J6",,"YYYYYYY",,,"BLUE",,"2022",,"0","P","71A-Insp Sticker Expired (NYS)",,,,"2027"
"9302223255","LPN1530","NY","999","08/04/2026","70","SUBN","LEXUS","T","76460","0","0","88888888","60","60","60","378711","T302","R","0805P",,"K","I","E","Shell Rd","50ft S/of Avenue Z","0","408","J3",,"YYYYYYY",,,"BLUE",,"2022",,"0","B2","70-Reg. Sticker Missing (NYS)",,,,"2027"
"9302238430","MCY8804","NY","PAS","08/11/2026","16","SUBN","ME/BE","T","5780","5230","5380","20260913","78","78","78","363034","T302","A","1045A",,"K","F","195","7th Ave",,"0","408","K2",,"YYYYY","0900A","0700P","BLUE",,"2022",,"0","26","16A-No Std (Com Veh) Non-COM",,,,"2027"
"9302390482","90391NC","NY","COM","08/05/2026","38","VAN","RAM","T","0","40404","40404","88888888","28","28","28","377533","T103","GG","0303P",,"NY","O","2320","Frederick Douglass B",,"0","408","H1",,"YYYYYY","1000A","0700P","BLUE",,"2022","111334","0","30","38-Failure to Dsplay Meter Rec",,,,"2027"
"9302425381","MGX4847","NY","PAS","07/30/2026","16","4DSD","BMW","T","75120","60017","61150","20260827","50","50","50","374567","T201","B","0856A",,"BX","F","216","W 238th St",,"0","408","K2",,"YYYYY","0700A","0300P","BLUE",,"2022",,"0","50","16A-No Std (Com Veh) Non-COM",,,,"2027"
"9302635922","LPK1546","NY","PAS","08/04/2026","21","SUBN","HONDA","T","10620","8320","9320","20260809","49","49","49","365372","T201","I","1144A",,"BX","F","2730","Barnes Ave",,"0","408","D1",,"Y","1130A","0100P","BLUE",,"2022",,"0","15","21-No Parking (street clean)",,,,"2027"
"9302780685","MET5119","NY","PAS","08/10/2026","51","SUBN","ME/BE","T","59590","8290","54100","20260803","109","109","109","358175","T401","A","0535A",,"Q","F","33-17","Prince St",,"0","408","E3",,"YYYYYYY",,,"BLUE",,"2022",,"0","C","51-Sidewalk",,,,"2027"
"9302780697","MET5119","NY","PAS","08/10/2026","70","SUBN","ME/BE","T","59590","8290","54100","20260803","109","109","109","358175","T401","A","0536A",,"Q","F","33-17","Prince St",,"0","408","J3",,"YYYYYYY",,,"BLUE",,"2022",,"0","C","70A-Reg. Sticker Expired (NYS)",,,,"2027"
"9302782037","MET5119","NY","PAS","08/12/2026","14","SUBN","ME/BE","T","22590","8790","8990","20260803","109","109","109","358175","T401","A","0724A",,"Q","F","37-18","138th St",,"0","408","C",,"YYYYYYY",,,"BLUE",,"2022",,"0","C","14-No Standing",,,,"2027"
"9302782049","MET5119","NY","PAS","08/12/2026","70","SUBN","ME/BE","T","22590","8790","8990","20260803","109","109","109","358175","T401","A","0725A",,"Q","F","37-18","138th St",,"0","408","J3",,"YYYYYYY",,,"BLUE",,"2022",,"0","C","70A-Reg. Sticker Expired (NYS)",,,,"2027"
"9302783248","MET5119","NY","PAS","08/17/2026","40","SUBN","ME/BE","T","9540","39595","54580","20260803","109","109","109","358175","T401","A","0607A",,"Q","F","132-35","41st Ave",,"0","408","E2",,"YYYYYYY",,,"BLUE",,"2022",,"0","C","40-Fire Hydrant",,,,"2027"
"9302783250","MET5119","NY","PAS","08/17/2026","70","SUBN","ME/BE","T","9540","39595","54580","20260803","109","109","109","358175","T401","A","0608A",,"Q","F","132-35","41st Ave",,"0","408","J3",,"YYYYYYY",,,"BLUE",,"2022",,"0","C","70A-Reg. Sticker Expired (NYS)",,,,"2027"
"9302990266","220AM0","NY","MOT","07/30/2026","74","MCY","NS","T","9230","5130","5280","20270430","72","72","72","365813","T302","D","0829A",,"K","F","235","53rd St",,"0","408","J2",,"YYYYYYY",,,"BLUE",,"2022",,"0","J","74A-Improperly Displayed Plate",,,,"2027"
"9303032019","MRJUDY","NY","SRF","08/21/2026","70","SUBN","VOLKS","T","11930","0","0","20260701","90","90","90","357114","T301","S","1115A",,"K","I","N","Ainslie St","30ft E/of Graham Ave","0","408","J3",,"YYYYYYY",,,"BLUE",,"2022",,"0","SPCL","70A-Reg. Sticker Expired (NYS)",,,,"2027"
"9303097142","40060NF","NY","COM","08/25/2026","14","VAN","NS","T","8790","0","0","20271031","109","109","109","368595","T401","YP","1240P",,"Q","I","S","37th Ave","10ft W/of Main St","0","408","C",,"YYYYYYY",,,"BLUE",,"2022",,"0","02","14-No Standing",,,,"2027"
"9303224590","LNW1679","NY","PAS","08/24/2026","14","4DSD","MITSU","T","56020","75120","17920","20261118","50","50","50","372274","T201","G","1056A",,"BX","O","3800","Orloff Ave",,"0","408","C",,"YYYYYYY",,,"BLUE",,"2022",,"0","08","14-No Standing",,,,"2027"
"9303226665","MAR4911","NY","PAS","08/07/2026","40","CONV","BMW","T","73120","26700","26730","20280202","42","42","42","352093","T201","B","0827A",,"BX","F","1285","Washington Ave",,"0","408","E2",,"YYYYYYY",,,"BLUE",,"2022",,"0","J","40-Fire Hydrant",,,,"2027"
"9303226677","MAR4911","NY","PAS","08/07/2026","74","CONV","BMW","T","73120","26700","26730","20280202","42","42","42","352093","T201","B","0829A",,"BX","F","1285","Washington Ave",,"0","408","J2",,"YYYYYYY",,,"BLUE",,"2022",,"0","J","74-Missing Display Plate",,,,"2027"
"9303229113","LXD2687","NY","PAS","08/24/2026","40","SUBN","NS","T","27660","49420","23920","20270727","52","52","52","352093","T201","B","1025A",,"BX","F","367","E 201st St",,"0","408","E2",,"YYYYYYY",,,"BLUE",,"2022",,"0","J","40-Fire Hydrant",,,,"2027"
"9303229125","LXD2687","NY","PAS","08/24/2026","71","SUBN","NS","T","27660","49420","23920","20270727","52","52","52","352093","T201","B","1027A",,"BX","F","367","E 201st St",,"0","408","J6",,"YYYYYYY",,,"BLUE",,"2022",,"0","J","71A-Insp Sticker Expired (NYS)",,,,"2027"
"9303353559","MET5119","NY","PAS","08/17/2026","21","SUBN","ME/BE","T","10640","0","0","20260803","108","108","108","354088","T401","K","1111A",,"Q","I","W","48th St","20ft N/of Skillman A","0","408","D1",,"Y","1100A","1230A","BLUE",,"2022",,"0","T","21-No Parking (street clean)",,,,"2027"
"9303353560","MET5119","NY","PAS","08/17/2026","70","SUBN","ME/BE","T","10640","0","0","20260803","108","108","108","354088","T401","K","1113A",,"Q","I","W","48th St","20ft N/of Skillman A","0","408","J3",,"YYYYYYY",,,"BLUE",,"2022",,"0","T","70A-Reg. Sticker Expired (NYS)",,,,"2027"
"9303392486","466CH5","NY","LMB","08/19/2026","70","MOPD","NS","T","12510","21740","33690","20260719","6","6","6","373234","T102","J","0756A",,"NY","F","1","Bank St",,"0","408","J3",,"YYYYYYY",,,"BLUE",,"2022",,"0","14","70A-Reg. Sticker Expired (NYS)",,,,"2027"
"9303480569","MCF8795","NY","PAS","08/06/2026","21","SUBN","BMW","T","28440","15620","57320","20280320","47","47","47","361387","T201","G","0940A",,"BX","O","910","E 227th St",,"0","408","D1",,"Y","0930A","1100A","BLUE",,"2022",,"0","17","21-No Parking (street clean)",,,,"2027"
"9303627854","LJH5549","NY","PAS","08/17/2026","40","SUBN","HONDA","T","11910","16310","29890","20261027","7","7","7","363969","T102","L","0117P",,"NY","F","91","Attorney St",,"0","408","E2",,"YYYYYYY",,,"BLUE",,"2022",,"5","99","40-Fire Hydrant",,,,"2027"
"9303761157","MET5024","NY","PAS","08/18/2026","70","SUBN","BMW","T","30120","50920","61620","20260731","45","45","45","373642","T201","I","1219P",,"BX","F","1625","Edison Ave",,"0","408","J3",,"YYYYYYY",,,"BLUE",,"2022",,"0","07","70A-Reg. Sticker Expired (NYS)",,,,"2027"
"9303897316","MAB5458","NY","PAS","08/12/2026","70","4DSD","HONDA","T","11590","0","0","20251205","108","108","108","393335","T401","H","0416P",,"Q","I","W","55th St","5ft N/of Roosevelt A","0","408","J3",,"YYYYYYY",,,"BLUE",,"2022",,"0","41","70A-Reg. Sticker Expired (NYS)",,,,"2027"
"9303969704","LZW7674","NY","PAS","08/22/2026","21","SUBN","TOYOT","T","21690","22690","24870","20271222","7","7","7","361904","T105","M","0811A",,"NY","F","551","Grand St",,"0","408","D1",,"YYYYYY","0800A","0830A","BLUE",,"2022",,"0","E","21-No Parking (street clean)",,,,"2027"
"9304405154","MET5119","NY","PAS","08/13/2026","70","SUBN","ME/BE","T","10640","62590","9840","20260803","108","108","108","372282","T401","C","0920A",,"Q","F","41-41","48th St",,"0","408","J3",,"YYYYYYY",,,"BLUE",,"2022",,"0","52-A","70A-Reg. Sticker Expired (NYS)",,,,"2027"
"9304722822","KVH8938","NY","PAS","08/25/2026","71","4DSD","NS","T","42490","7640","7740","20280422","114","114","114","345451","T401","H","0419P",,"Q","F","28-08","Ditmars Blvd",,"0","408","J6",,"YYYYYYY",,,"BLUE",,"2022",,"0","34-P","71A-Insp Sticker Expired (NYS)",,,,"2027"
"9304742432","MJH8401","NY","PAS","08/22/2026","21","SUBN","BMW","T","49690","24240","24290","20260922","103","103","103","378688","T402","F","0741A",,"Q","O","164-21","Hillside Ave",,"0","408","D1",,"YYYYYY","0730A","0800A","BLUE",,"2022",,"0","14","21-No Parking (street clean)",,,,"2027"
"9305115275","MGK9112","NY","PAS","08/11/2026","20","4DSD","HYUND","T","40120","12550","42720","20260910","41","41","41","340075","T201","A","0618A",,"BX","F","1274","Hoe Ave",,"0","408","D",,"YYYYYYY",,,"BLUE",,"2022",,"0","H","20A-No Parking (Non-COM)",,,,"2027"
"9305540296","1950PH","NY","ORG","08/20/2026","21","SUBN","ACURA","T","18790","23070","23140","20270523","103","103","103","346357","T402","A","0825A",,"Q","O","147-36","95th Ave",,"0","408","D1",,"YYYYYY","0800A","0900A","BLUE",,"2022",,"0","CC1","21-No Parking (street clean)",,,,"2027"
"9306120795","MDB8711","NY","PAS","08/21/2026","21","SUBN","ACURA","T","0","0","0","20280302","48","48","48","373126","T201","I","1145A",,"BX","I","N","Cross Bronx Expy Svc","60ft W/of Clinton Av","0","408","D1",,"Y  Y","1130A","0100P","BLUE",,"2022",,"0","03","21-No Parking (street clean)",,,,"2027"
"9306351069","MEW2511","NY","PAS","08/19/2026","38","4DSD","ME/BE","T","45590","18730","18750","20280325","19","19","19","374596","T103","GG","0129P",,"NY","F","1670","York Ave",,"0","408","H1",,"YYYYYY","0800A","0700P","BLUE",,"2022","112499","0","06","38-Failure to Dsplay Meter Rec",,,,"2027"
"9306927538","MEW2511","NY","PAS","08/22/2026","38","4DSD","ME/BE","T","45590","18730","18750","20280325","19","19","19","378751","T103","E","1221P",,"NY","F","1661","York Ave",,"0","408","H1",,"YYYYYY","0830A","0700P","BLUE",,"2022","110847","0","12","38-Failure to Dsplay Meter Rec",,,,"2027"
"9307008218","KYY2495","NY","PAS","08/26/2026","38","SUBN","LEXUS","T","50430","14630","14680","20260923","61","61","61","373182","T302","I","1022A",,"K","F","2105","Homecrest Ave",,"0","408","H1",,"YYYYYY","0900A","0700P","BLUE",,"2022","312929","0","04","38-Failure to Dsplay Meter Rec",,,,"2027"
